545.00,2641.00,-0.09,-2.70,-4.05
3836.00,1333.00,-0.13,-2.51,-3.23
3597.00,3987.00,-0.10,-2.47,-4.22
4990.00,4171.00,-0.53,-2.45,-1.11
1965.00,1316.00,-0.48,-2.41,-1.24
2944.00,893.00,-1.07,-2.39,-0.57
3975.00,1743.00,-0.20,-2.32,-2.54
4085.00,3365.00,-0.65,-2.09,-1.03
4064.00,3597.00,-0.85,-2.09,-0.81
5831.00,3344.00,-1.24,-2.07,-0.54
201.00,1947.00,-0.18,-2.05,-3.27
2641.00,2261.00,-0.17,-2.02,-3.64
5737.00,1200.00,-1.00,-1.96,-0.71
5764.00,2295.00,-0.57,-1.91,-1.24
2630.00,1809.00,-0.47,-1.90,-1.49
1757.00,1385.00,-0.52,-1.87,-1.39
4859.00,4290.00,-0.24,-1.87,-2.90
5728.00,3987.00,-0.40,-1.85,-1.76
396.00,259.00,-2.10,-1.84,-0.33
5095.00,1809.00,-0.73,-1.84,-1.02
2408.00,522.00,-0.44,-1.83,-1.62
1929.00,1849.00,-1.37,-1.80,-0.54
3703.00,4059.00,-1.77,-1.71,-0.43
3376.00,3853.00,-0.70,-1.68,-1.15
1770.00,1280.00,-0.34,-1.66,-2.35
5383.00,3987.00,-0.39,-1.61,-2.07
1192.00,627.00,-0.95,-1.59,-0.89
5732.00,5226.00,-0.86,-1.58,-1.00
538.00,3668.00,-0.43,-1.57,-1.96
4381.00,2387.00,-0.50,-1.57,-1.69
3797.00,1093.00,-0.59,-1.56,-1.45
1654.00,1689.00,-0.49,-1.56,-1.74
1565.00,1351.00,-0.29,-1.55,-3.33
1764.00,2066.00,-0.39,-1.54,-2.23
2591.00,2066.00,-0.55,-1.54,-1.57
468.00,3005.00,-0.42,-1.53,-2.07
311.00,2687.00,-0.51,-1.51,-1.72
3160.00,728.00,-0.31,-1.51,-3.15
0.00,904.00,-0.27,-1.50,-4.05
538.00,2387.00,-0.48,-1.49,-1.86
4648.00,56.00,-0.32,-1.48,-3.04
2597.00,2066.00,-0.60,-1.47,-1.50
831.00,63.00,-0.33,-1.46,-3.10
191.00,3639.00,-0.35,-1.45,-2.85
3718.00,545.00,-0.31,-1.43,-3.65
5315.00,1809.00,-0.41,-1.43,-2.33
544.00,1565.00,-0.32,-1.42,-3.37
5282.00,3914.00,-2.65,-1.42,-0.38
2232.00,2537.00,-0.44,-1.41,-2.19
1319.00,1328.00,-3.13,-1.41,-0.34
1849.00,279.00,-0.33,-1.39,-3.43
4134.00,4181.00,-2.34,-1.39,-0.42
2228.00,1498.00,-0.57,-1.38,-1.71
4578.00,255.00,-0.54,-1.38,-1.79
1801.00,1889.00,-0.35,-1.34,-3.30
426.00,462.00,-0.61,-1.34,-1.65
3602.00,3577.00,-0.77,-1.33,-1.30
1898.00,2027.00,-0.35,-1.33,-3.55
5051.00,4234.00,-1.55,-1.32,-0.66
4443.00,4730.00,-1.39,-1.31,-0.73
2251.00,1831.00,-0.38,-1.31,-3.12
5479.00,3450.00,-0.66,-1.30,-1.55
2516.00,2504.00,-3.01,-1.29,-0.39
545.00,56.00,-0.38,-1.28,-3.30
4759.00,4745.00,-3.16,-1.27,-0.39
506.00,215.00,-1.03,-1.27,-1.01
4845.00,4843.00,-1.95,-1.26,-0.55
831.00,269.00,-0.40,-1.26,-3.02
1351.00,12.00,-0.38,-1.26,-3.53
1791.00,1395.00,-0.57,-1.25,-1.90
214.00,3641.00,-0.41,-1.24,-3.05
1333.00,1385.00,-0.37,-1.24,-4.09
3039.00,269.00,-0.44,-1.22,-2.83
2896.00,95.00,-0.50,-1.22,-2.34
4696.00,1809.00,-0.84,-1.21,-1.30
2660.00,4235.00,-0.76,-1.21,-1.46
4296.00,1808.00,-1.42,-1.21,-0.78
4966.00,4976.00,-3.81,-1.20,-0.39
4757.00,5287.00,-4.55,-1.20,-0.37
2667.00,2673.00,-2.97,-1.20,-0.44
5051.00,4243.00,-1.62,-1.19,-0.69
1858.00,2756.00,-1.34,-1.19,-0.83
1970.00,2193.00,-0.56,-1.19,-2.08
5488.00,5362.00,-0.99,-1.17,-1.14
2049.00,4289.00,-2.16,-1.17,-0.55
2296.00,1954.00,-0.79,-1.16,-1.46
1674.00,308.00,-0.43,-1.16,-3.30
63.00,3641.00,-0.46,-1.16,-2.88
2386.00,3775.00,-2.81,-1.15,-0.47
1184.00,308.00,-0.52,-1.15,-2.43
3102.00,3035.00,-1.40,-1.15,-0.83
4550.00,4433.00,-1.26,-1.14,-0.93
1352.00,1385.00,-0.48,-1.14,-2.84
4196.00,4569.00,-0.49,-1.14,-2.70
1770.00,414.00,-0.56,-1.14,-2.24
3344.00,3706.00,-0.47,-1.14,-2.88
1655.00,1385.00,-0.45,-1.14,-3.15
3102.00,2332.00,-1.19,-1.13,-0.98
4884.00,4882.00,-2.45,-1.13,-0.53
2677.00,2066.00,-0.75,-1.13,-1.58
99.00,4197.00,-0.64,-1.13,-1.91
1315.00,1351.00,-0.46,-1.13,-3.12
5365.00,4384.00,-0.72,-1.12,-1.67
3822.00,475.00,-0.99,-1.12,-1.20
1908.00,1983.00,-1.84,-1.11,-0.67
1847.00,2114.00,-2.49,-1.11,-0.53
3275.00,1831.00,-0.80,-1.11,-1.51
2193.00,3706.00,-0.49,-1.11,-2.91
3366.00,1333.00,-0.62,-1.10,-2.05
4779.00,5345.00,-3.59,-1.09,-0.45
4276.00,4686.00,-2.19,-1.09,-0.59
3851.00,151.00,-1.39,-1.09,-0.89
2419.00,2531.00,-3.11,-1.09,-0.48
2794.00,2687.00,-0.60,-1.08,-2.20
5509.00,1351.00,-0.81,-1.08,-1.53
1339.00,1140.00,-4.39,-1.08,-0.44
214.00,904.00,-0.46,-1.08,-3.68
5020.00,4591.00,-0.96,-1.08,-1.29
426.00,24.00,-0.62,-1.07,-2.12
2596.00,2066.00,-1.22,-1.06,-1.02
4109.00,3714.00,-1.16,-1.06,-1.08
2387.00,2941.00,-0.48,-1.06,-3.42
1351.00,1315.00,-0.49,-1.06,-3.18
4514.00,5402.00,-0.49,-1.06,-3.23
3902.00,134.00,-0.53,-1.06,-2.80
4162.00,2821.00,-0.82,-1.06,-1.55
4307.00,4788.00,-1.51,-1.05,-0.84
3225.00,2092.00,-1.28,-1.05,-0.99
3098.00,1700.00,-0.63,-1.05,-2.17
2515.00,1809.00,-0.81,-1.04,-1.59
5440.00,3987.00,-1.17,-1.04,-1.09
1041.00,1073.00,-1.55,-1.04,-0.84
4296.00,2725.00,-1.07,-1.03,-1.21
545.00,3718.00,-0.48,-1.03,-3.74
4831.00,4794.00,-2.16,-1.02,-0.64
4453.00,785.00,-1.81,-1.02,-0.74
1564.00,1966.00,-0.49,-1.02,-3.66
2228.00,2251.00,-0.90,-1.01,-1.46
5033.00,4866.00,-0.97,-1.00,-1.37
5628.00,134.00,-1.31,-0.99,-1.03
5440.00,4171.00,-1.37,-0.99,-0.99
1301.00,831.00,-0.70,-0.99,-2.04
3102.00,2027.00,-0.95,-0.99,-1.42
2044.00,5507.00,-0.56,-0.99,-2.93
5482.00,5362.00,-1.01,-0.98,-1.33
5114.00,4839.00,-0.86,-0.98,-1.59
2754.00,28.00,-0.57,-0.98,-2.86
2500.00,2539.00,-1.76,-0.98,-0.80
5732.00,3987.00,-1.10,-0.97,-1.23
100.00,314.00,-1.44,-0.97,-0.95
4003.00,451.00,-0.74,-0.97,-1.92
4401.00,4565.00,-0.88,-0.97,-1.59
4829.00,4608.00,-2.60,-0.97,-0.60
3652.00,4162.00,-0.79,-0.97,-1.80
1952.00,2646.00,-0.53,-0.97,-3.54
2776.00,1655.00,-0.64,-0.96,-2.40
158.00,2723.00,-0.98,-0.96,-1.41
2291.00,1756.00,-1.35,-0.96,-1.03
5478.00,5362.00,-1.01,-0.96,-1.38
2012.00,445.00,-0.73,-0.96,-2.02
1333.00,904.00,-0.51,-0.96,-4.05
2867.00,360.00,-0.96,-0.96,-1.46
1985.00,1362.00,-1.02,-0.95,-1.37
1109.00,1210.00,-2.91,-0.95,-0.58
3365.00,2027.00,-0.57,-0.95,-2.99
2896.00,3655.00,-0.72,-0.95,-2.06
3053.00,2274.00,-1.19,-0.95,-1.18
4268.00,3444.00,-0.99,-0.95,-1.43
12.00,1351.00,-0.54,-0.94,-3.66
622.00,823.00,-1.76,-0.94,-0.83
2343.00,1351.00,-0.61,-0.94,-2.70
1339.00,1141.00,-2.78,-0.94,-0.60
3877.00,904.00,-0.54,-0.94,-3.62
3476.00,395.00,-1.26,-0.94,-1.12
869.00,1385.00,-0.76,-0.93,-1.97
2312.00,3266.00,-1.19,-0.93,-1.20
358.00,1509.00,-1.91,-0.93,-0.78
3526.00,1472.00,-0.61,-0.93,-2.80
4482.00,2941.00,-0.85,-0.93,-1.73
1952.00,5654.00,-0.63,-0.93,-2.67
2573.00,2066.00,-0.88,-0.92,-1.66
2896.00,2265.00,-0.58,-0.92,-3.19
2164.00,2213.00,-0.70,-0.92,-2.27
4650.00,4646.00,-2.25,-0.91,-0.70
1745.00,2027.00,-0.65,-0.91,-2.59
5488.00,2044.00,-0.91,-0.91,-1.62
1339.00,1143.00,-2.91,-0.91,-0.61
4510.00,4266.00,-1.08,-0.91,-1.36
56.00,904.00,-0.58,-0.91,-3.39
2193.00,5481.00,-0.64,-0.90,-2.67
544.00,1692.00,-0.61,-0.90,-3.03
2523.00,3639.00,-0.66,-0.90,-2.57
5613.00,5609.00,-1.24,-0.90,-1.19
3329.00,4325.00,-4.72,-0.90,-0.54
2193.00,1692.00,-0.63,-0.90,-2.79
2667.00,2669.00,-3.57,-0.90,-0.57
5628.00,2044.00,-1.15,-0.90,-1.29
881.00,24.00,-0.59,-0.90,-3.32
4303.00,904.00,-0.61,-0.89,-3.01
4453.00,4431.00,-3.54,-0.89,-0.58
491.00,1115.00,-1.00,-0.89,-1.50
3187.00,3181.00,-3.27,-0.89,-0.59
2409.00,2438.00,-3.33,-0.89,-0.59
2387.00,2062.00,-0.57,-0.89,-3.81
1831.00,2027.00,-0.58,-0.89,-3.61
2463.00,4399.00,-0.68,-0.89,-2.49
114.00,3469.00,-0.77,-0.88,-2.10
4615.00,4612.00,-2.35,-0.88,-0.71
2044.00,114.00,-0.63,-0.88,-2.96
4898.00,3570.00,-1.03,-0.87,-1.48
2044.00,3098.00,-0.59,-0.87,-3.58
3444.00,3365.00,-0.66,-0.87,-2.73
3450.00,2387.00,-0.61,-0.87,-3.33
5212.00,5227.00,-1.32,-0.86,-1.17
5941.00,5649.00,-3.25,-0.86,-0.62
1375.00,3742.00,-1.63,-0.86,-0.96
2641.00,3462.00,-0.68,-0.86,-2.70
214.00,2027.00,-0.62,-0.85,-3.33
3407.00,3811.00,-2.29,-0.85,-0.75
4420.00,4489.00,-1.15,-0.84,-1.37
4171.00,1347.00,-0.61,-0.84,-3.55
4037.00,1809.00,-0.67,-0.84,-2.85
1375.00,780.00,-1.07,-0.84,-1.48
5033.00,4121.00,-1.26,-0.84,-1.26
1527.00,2027.00,-0.65,-0.84,-3.10
2732.00,2724.00,-0.74,-0.84,-2.42
3360.00,3370.00,-3.55,-0.84,-0.62
1351.00,1565.00,-0.62,-0.84,-3.56
5471.00,3909.00,-1.01,-0.83,-1.59
904.00,2027.00,-0.61,-0.83,-3.92
308.00,1674.00,-0.64,-0.83,-3.28
2839.00,4697.00,-2.34,-0.83,-0.76
2880.00,2634.00,-1.42,-0.83,-1.14
952.00,1098.00,-3.01,-0.82,-0.67
3464.00,2027.00,-0.65,-0.82,-3.28
904.00,5006.00,-0.85,-0.82,-2.04
2905.00,2925.00,-2.69,-0.81,-0.72
2387.00,3012.00,-0.68,-0.81,-3.04
6.00,1267.00,-0.71,-0.81,-2.75
2897.00,769.00,-0.87,-0.81,-2.02
1564.00,904.00,-0.63,-0.81,-3.87
2387.00,2391.00,-0.72,-0.80,-2.71
3979.00,4007.00,-1.08,-0.80,-1.55
12.00,704.00,-0.67,-0.80,-3.25
2834.00,2027.00,-0.67,-0.80,-3.26
12.00,2027.00,-0.65,-0.79,-3.72
3450.00,2646.00,-0.67,-0.79,-3.43
1542.00,2197.00,-0.80,-0.79,-2.33
4162.00,2079.00,-0.82,-0.79,-2.25
1676.00,308.00,-0.71,-0.79,-2.90
1751.00,308.00,-0.89,-0.79,-2.01
2941.00,4037.00,-0.71,-0.79,-2.95
240.00,831.00,-1.07,-0.78,-1.62
5520.00,5548.00,-3.22,-0.78,-0.69
4535.00,5185.00,-1.97,-0.78,-0.92
3272.00,2295.00,-0.76,-0.78,-2.62
4237.00,4591.00,-0.83,-0.78,-2.29
5475.00,5431.00,-1.20,-0.77,-1.43
3526.00,1489.00,-0.79,-0.77,-2.48
3503.00,1952.00,-0.79,-0.77,-2.45
2844.00,24.00,-1.29,-0.77,-1.33
709.00,2157.00,-0.82,-0.77,-2.31
2295.00,2783.00,-0.67,-0.77,-3.75
3922.00,3551.00,-1.32,-0.77,-1.31
4837.00,5284.00,-2.99,-0.77,-0.72
881.00,3196.00,-0.84,-0.77,-2.27
2634.00,2635.00,-0.75,-0.77,-2.81
5475.00,2804.00,-1.00,-0.76,-1.79
238.00,1941.00,-1.79,-0.76,-1.00
5527.00,134.00,-0.97,-0.76,-1.89
3040.00,2342.00,-3.08,-0.76,-0.72
4610.00,4423.00,-0.81,-0.75,-2.51
12.00,605.00,-0.72,-0.75,-3.18
1333.00,2027.00,-0.69,-0.75,-3.71
4869.00,2295.00,-1.39,-0.74,-1.29
3800.00,3272.00,-1.50,-0.74,-1.20
3918.00,904.00,-0.80,-0.74,-2.62
3395.00,3402.00,-3.34,-0.74,-0.72
3877.00,2193.00,-0.75,-0.74,-3.07
803.00,1138.00,-2.13,-0.74,-0.91
869.00,1351.00,-1.11,-0.73,-1.67
5605.00,2992.00,-1.34,-0.73,-1.35
3855.00,24.00,-1.38,-0.73,-1.32
2537.00,2584.00,-1.35,-0.73,-1.35
2933.00,3698.00,-0.70,-0.73,-3.80
3891.00,4007.00,-1.11,-0.73,-1.68
4077.00,4099.00,-2.82,-0.73,-0.78
95.00,3344.00,-0.77,-0.73,-2.92
4307.00,4792.00,-2.96,-0.73,-0.77
1362.00,2834.00,-0.82,-0.72,-2.59
2027.00,3061.00,-1.07,-0.72,-1.76
1542.00,2172.00,-0.76,-0.72,-3.05
1718.00,1966.00,-0.89,-0.72,-2.26
1770.00,1712.00,-1.11,-0.72,-1.69
2549.00,2547.00,-2.59,-0.72,-0.82
4936.00,4708.00,-0.93,-0.72,-2.14
56.00,2027.00,-0.77,-0.71,-3.07
2327.00,2027.00,-0.77,-0.71,-3.06
3526.00,1575.00,-0.86,-0.71,-2.47
490.00,511.00,-1.12,-0.71,-1.69
3815.00,2795.00,-2.03,-0.71,-0.98
904.00,3737.00,-0.80,-0.71,-2.81
4583.00,4790.00,-1.67,-0.71,-1.14
4886.00,4887.00,-3.35,-0.71,-0.75
2165.00,2147.00,-1.80,-0.71,-1.07
2731.00,2713.00,-3.12,-0.71,-0.77
3987.00,3128.00,-0.71,-0.70,-4.18
2754.00,5250.00,-0.88,-0.70,-2.43
203.00,3718.00,-0.86,-0.70,-2.50
1528.00,1542.00,-0.79,-0.70,-3.00
5764.00,5711.00,-1.89,-0.70,-1.04
5954.00,2.00,-1.75,-0.70,-1.11
2810.00,241.00,-1.27,-0.70,-1.50
3360.00,3371.00,-3.17,-0.70,-0.78
95.00,4178.00,-0.96,-0.70,-2.12
4451.00,1990.00,-1.17,-0.70,-1.66
1692.00,2193.00,-0.81,-0.70,-2.88
1351.00,5593.00,-1.11,-0.69,-1.77
2523.00,1184.00,-1.00,-0.69,-2.02
906.00,905.00,-3.13,-0.69,-0.79
3229.00,3313.00,-4.94,-0.69,-0.71
5250.00,2754.00,-0.89,-0.69,-2.41
904.00,1206.00,-0.86,-0.69,-2.57
1848.00,2711.00,-2.16,-0.69,-0.96
1545.00,4598.00,-1.52,-0.69,-1.28
3380.00,3383.00,-3.34,-0.69,-0.77
4527.00,5026.00,-2.45,-0.69,-0.89
2384.00,1845.00,-1.71,-0.69,-1.15
5197.00,4558.00,-1.05,-0.68,-1.92
4364.00,5653.00,-0.91,-0.68,-2.39
521.00,725.00,-1.02,-0.68,-2.01
3918.00,1895.00,-0.98,-0.68,-2.12
2260.00,2033.00,-1.81,-0.68,-1.11
1564.00,728.00,-0.75,-0.68,-3.88
4171.00,776.00,-0.79,-0.68,-3.20
2834.00,2724.00,-0.82,-0.68,-2.98
2295.00,3698.00,-0.76,-0.68,-3.73
3837.00,24.00,-1.83,-0.68,-1.10
1402.00,4693.00,-0.78,-0.68,-3.40
4613.00,4608.00,-2.75,-0.68,-0.85
4691.00,4686.00,-2.54,-0.67,-0.89
2302.00,382.00,-0.84,-0.67,-2.85
646.00,1646.00,-1.32,-0.67,-1.50
443.00,471.00,-3.98,-0.67,-0.75
2395.00,5630.00,-1.58,-0.67,-1.26
4268.00,4314.00,-1.12,-0.67,-1.83
4106.00,3763.00,-0.96,-0.67,-2.26
2858.00,24.00,-1.06,-0.67,-1.95
1735.00,1738.00,-2.76,-0.67,-0.86
2066.00,3451.00,-0.78,-0.67,-3.65
3721.00,4290.00,-0.83,-0.66,-3.01
831.00,565.00,-0.96,-0.66,-2.29
1132.00,1144.00,-2.23,-0.66,-0.98
5218.00,5194.00,-3.26,-0.66,-0.81
1542.00,1952.00,-0.83,-0.66,-3.05
4944.00,4918.00,-2.16,-0.66,-1.00
3503.00,4216.00,-1.13,-0.66,-1.84
5196.00,4171.00,-1.24,-0.65,-1.65
2052.00,60.00,-1.47,-0.65,-1.39
5522.00,5532.00,-3.34,-0.65,-0.81
308.00,1676.00,-0.85,-0.65,-2.95
869.00,2193.00,-1.31,-0.65,-1.58
787.00,786.00,-2.46,-0.65,-0.94
2897.00,2387.00,-1.13,-0.65,-1.88
134.00,3444.00,-0.90,-0.65,-2.66
183.00,1661.00,-1.56,-0.65,-1.33
4106.00,3356.00,-1.03,-0.64,-2.15
2646.00,924.00,-0.84,-0.64,-3.12
2580.00,2062.00,-1.17,-0.64,-1.81
3925.00,4278.00,-1.41,-0.64,-1.47
1339.00,1142.00,-3.66,-0.64,-0.80
1809.00,2387.00,-0.82,-0.64,-3.41
2810.00,2890.00,-1.65,-0.64,-1.27
134.00,2387.00,-0.88,-0.64,-2.87
1525.00,2244.00,-2.09,-0.64,-1.06
3.00,831.00,-0.83,-0.64,-3.33
5688.00,5634.00,-1.70,-0.64,-1.25
3597.00,732.00,-0.85,-0.64,-3.11
4832.00,1655.00,-0.87,-0.64,-2.96
2657.00,2027.00,-0.86,-0.63,-3.09
4874.00,4900.00,-2.24,-0.63,-1.01
1963.00,1916.00,-1.95,-0.63,-1.12
3329.00,4678.00,-2.87,-0.63,-0.89
2027.00,779.00,-1.04,-0.63,-2.18
134.00,3443.00,-1.15,-0.63,-1.91
4837.00,24.00,-1.27,-0.63,-1.68
3412.00,4790.00,-1.80,-0.63,-1.20
822.00,1770.00,-0.97,-0.62,-2.48
3348.00,3409.00,-2.48,-0.62,-0.97
2387.00,3723.00,-0.91,-0.62,-2.80
4581.00,4624.00,-2.00,-0.62,-1.12
34.00,5553.00,-1.03,-0.62,-2.26
426.00,466.00,-1.96,-0.62,-1.14
134.00,3544.00,-0.91,-0.62,-2.84
826.00,823.00,-1.35,-0.62,-1.60
2880.00,2265.00,-1.71,-0.62,-1.28
1175.00,1326.00,-2.02,-0.61,-1.12
1809.00,2066.00,-0.82,-0.61,-4.00
4542.00,4399.00,-1.00,-0.61,-2.44
12.00,5.00,-0.89,-0.61,-3.11
893.00,831.00,-0.96,-0.61,-2.61
1741.00,831.00,-2.26,-0.61,-1.05
1339.00,831.00,-2.26,-0.61,-1.05
134.00,2847.00,-1.00,-0.61,-2.44
643.00,786.00,-2.33,-0.61,-1.03
2295.00,1674.00,-0.84,-0.60,-3.84
663.00,1153.00,-1.05,-0.60,-2.26
158.00,1382.00,-0.90,-0.60,-3.04
4401.00,4083.00,-1.06,-0.60,-2.25
5472.00,1809.00,-1.02,-0.60,-2.39
2044.00,3039.00,-0.87,-0.60,-3.50
5026.00,4591.00,-1.41,-0.60,-1.58
1809.00,1963.00,-1.01,-0.60,-2.46
3450.00,904.00,-0.84,-0.60,-4.19
3329.00,4680.00,-2.92,-0.59,-0.93
1362.00,1920.00,-0.96,-0.59,-2.75
3329.00,4679.00,-3.12,-0.59,-0.91
4542.00,4545.00,-1.35,-0.59,-1.67
936.00,1608.00,-1.31,-0.59,-1.74
2885.00,2878.00,-3.31,-0.59,-0.89
2387.00,1393.00,-1.00,-0.59,-2.55
1385.00,2879.00,-0.92,-0.59,-3.10
4514.00,4526.00,-1.35,-0.59,-1.69
1316.00,2088.00,-1.11,-0.59,-2.16
5597.00,5471.00,-1.67,-0.59,-1.36
114.00,2012.00,-1.18,-0.58,-1.99
1584.00,1845.00,-0.96,-0.58,-2.86
3450.00,1918.00,-1.01,-0.58,-2.55
2732.00,80.00,-1.20,-0.58,-1.97
4171.00,1753.00,-0.98,-0.58,-2.73
4734.00,4658.00,-1.97,-0.58,-1.21
95.00,1362.00,-0.99,-0.58,-2.70
3696.00,3232.00,-1.26,-0.58,-1.87
2131.00,2101.00,-1.55,-0.57,-1.49
2523.00,1351.00,-1.00,-0.57,-2.69
431.00,409.00,-2.00,-0.57,-1.21
3706.00,3344.00,-0.92,-0.57,-3.34
5250.00,3733.00,-1.36,-0.57,-1.73
134.00,341.00,-1.06,-0.57,-2.46
3412.00,5685.00,-3.09,-0.57,-0.95
5511.00,2066.00,-1.83,-0.57,-1.30
4869.00,4870.00,-3.37,-0.57,-0.92
5507.00,2044.00,-0.94,-0.57,-3.18
1859.00,1770.00,-0.94,-0.56,-3.18
5666.00,3721.00,-1.64,-0.56,-1.44
4202.00,2896.00,-1.54,-0.56,-1.54
1809.00,3365.00,-0.92,-0.56,-3.52
5192.00,4171.00,-1.17,-0.56,-2.13
134.00,329.00,-1.04,-0.56,-2.61
3329.00,4666.00,-3.11,-0.56,-0.96
1382.00,43.00,-1.29,-0.56,-1.89
3377.00,2387.00,-1.64,-0.56,-1.46
3877.00,5141.00,-1.37,-0.56,-1.76
1.00,203.00,-1.07,-0.55,-2.47
5200.00,4171.00,-1.32,-0.55,-1.84
2164.00,3026.00,-1.65,-0.55,-1.46
25.00,1382.00,-1.08,-0.55,-2.46
1276.00,134.00,-1.33,-0.55,-1.84
241.00,2810.00,-1.53,-0.55,-1.57
803.00,1144.00,-2.25,-0.55,-1.15
4303.00,5471.00,-1.11,-0.55,-2.37
345.00,831.00,-1.06,-0.55,-2.59
1351.00,2343.00,-0.99,-0.55,-2.96
5192.00,4558.00,-1.22,-0.55,-2.07
2109.00,2991.00,-1.23,-0.55,-2.04
2822.00,76.00,-1.36,-0.55,-1.81
2303.00,2433.00,-1.87,-0.55,-1.32
4420.00,3530.00,-1.73,-0.54,-1.42
1243.00,1791.00,-2.35,-0.54,-1.12
1954.00,2001.00,-2.59,-0.54,-1.06
3272.00,2387.00,-1.09,-0.54,-2.49
1017.00,2.00,-0.96,-0.54,-3.37
2430.00,4037.00,-1.60,-0.54,-1.53
2681.00,2172.00,-1.03,-0.54,-2.80
1966.00,60.00,-1.04,-0.54,-2.75
2327.00,627.00,-1.03,-0.54,-2.84
2164.00,5634.00,-1.28,-0.54,-1.98
2260.00,2172.00,-1.65,-0.54,-1.50
3464.00,3722.00,-1.19,-0.54,-2.20
3544.00,134.00,-0.98,-0.53,-3.25
3329.00,4674.00,-3.22,-0.53,-0.98
904.00,5648.00,-1.10,-0.53,-2.53
3272.00,1402.00,-1.18,-0.53,-2.25
2303.00,2479.00,-3.34,-0.53,-0.97
2787.00,569.00,-1.34,-0.53,-1.89
360.00,4693.00,-0.92,-0.53,-4.18
2377.00,3189.00,-1.04,-0.53,-2.84
3450.00,2230.00,-1.07,-0.53,-2.68
1848.00,2656.00,-2.61,-0.53,-1.09
4203.00,203.00,-1.29,-0.53,-1.99
1801.00,2896.00,-0.98,-0.53,-3.39
2044.00,2900.00,-1.10,-0.53,-2.57
2094.00,2095.00,-2.85,-0.53,-1.05
2295.00,3766.00,-0.98,-0.53,-3.41
1542.00,424.00,-1.13,-0.53,-2.44
341.00,134.00,-1.07,-0.53,-2.72
3571.00,2027.00,-1.04,-0.53,-2.92
4591.00,3577.00,-0.98,-0.52,-3.42
3039.00,2044.00,-0.97,-0.52,-3.51
2027.00,2250.00,-1.48,-0.52,-1.71
2941.00,4482.00,-1.22,-0.52,-2.19
2265.00,143.00,-0.95,-0.52,-3.99
203.00,1362.00,-1.22,-0.52,-2.19
3891.00,2896.00,-1.21,-0.52,-2.22
358.00,831.00,-1.19,-0.52,-2.28
1362.00,1669.00,-1.04,-0.52,-2.99
1351.00,2039.00,-1.16,-0.52,-2.41
3329.00,4677.00,-3.23,-0.51,-1.01
538.00,3024.00,-2.69,-0.51,-1.10
4859.00,134.00,-1.08,-0.51,-2.76
3717.00,5080.00,-4.00,-0.51,-0.96
5202.00,4171.00,-1.35,-0.51,-1.95
5199.00,4558.00,-1.27,-0.51,-2.11
3235.00,24.00,-1.28,-0.51,-2.08
411.00,765.00,-3.23,-0.51,-1.02
3366.00,1362.00,-1.45,-0.51,-1.81
633.00,956.00,-1.64,-0.51,-1.58
5431.00,5475.00,-1.52,-0.51,-1.71
2641.00,3830.00,-1.18,-0.51,-2.39
5201.00,4171.00,-1.36,-0.51,-1.95
3721.00,2834.00,-1.14,-0.51,-2.55
5202.00,4558.00,-1.40,-0.51,-1.89
2193.00,2027.00,-1.02,-0.51,-3.36
2075.00,2016.00,-2.31,-0.50,-1.22
4171.00,5254.00,-1.09,-0.50,-2.85
1756.00,1770.00,-1.40,-0.50,-1.92
5201.00,4558.00,-1.41,-0.50,-1.89
2350.00,1042.00,-1.17,-0.50,-2.47
1351.00,5550.00,-1.21,-0.50,-2.36
2941.00,4739.00,-1.34,-0.50,-2.02
2044.00,2957.00,-1.13,-0.50,-2.69
5196.00,1952.00,-1.38,-0.50,-1.97
1385.00,2716.00,-1.19,-0.50,-2.46
3329.00,4672.00,-3.19,-0.49,-1.05
63.00,1352.00,-1.15,-0.49,-2.63
1691.00,1646.00,-2.98,-0.49,-1.08
4564.00,2130.00,-1.49,-0.49,-1.81
4682.00,1564.00,-1.25,-0.49,-2.27
2296.00,2337.00,-2.50,-0.49,-1.18
1395.00,1751.00,-1.07,-0.49,-3.11
134.00,394.00,-1.16,-0.49,-2.58
2896.00,2027.00,-1.06,-0.49,-3.21
2681.00,1952.00,-1.12,-0.49,-2.81
3987.00,904.00,-0.98,-0.49,-4.45
2052.00,1845.00,-1.50,-0.49,-1.80
203.00,2498.00,-1.44,-0.49,-1.89
3571.00,2186.00,-1.26,-0.49,-2.28
831.00,957.00,-1.23,-0.49,-2.36
191.00,5675.00,-1.74,-0.49,-1.56
4869.00,4856.00,-2.23,-0.49,-1.28
3238.00,3196.00,-1.65,-0.49,-1.64
4648.00,3721.00,-1.08,-0.49,-3.11
3329.00,4668.00,-3.07,-0.49,-1.08
5234.00,5237.00,-3.81,-0.48,-1.02
649.00,983.00,-2.51,-0.48,-1.20
199.00,178.00,-1.83,-0.48,-1.51
5064.00,2044.00,-1.08,-0.48,-3.16
1809.00,4693.00,-1.00,-0.48,-4.29
3329.00,4667.00,-3.31,-0.48,-1.07
2044.00,3486.00,-1.15,-0.48,-2.77
5472.00,5487.00,-3.26,-0.48,-1.07
3530.00,4420.00,-1.79,-0.48,-1.55
5063.00,5065.00,-3.55,-0.48,-1.05
2589.00,2638.00,-2.23,-0.48,-1.30
544.00,2044.00,-1.03,-0.48,-3.85
4171.00,904.00,-1.00,-0.48,-4.41
4290.00,5075.00,-1.33,-0.48,-2.16
1.00,831.00,-1.07,-0.48,-3.30
1351.00,1000.00,-1.22,-0.47,-2.50
4697.00,3696.00,-2.14,-0.47,-1.35
536.00,823.00,-1.18,-0.47,-2.67
3102.00,4074.00,-2.41,-0.47,-1.25
3503.00,3796.00,-1.59,-0.47,-1.76
3464.00,1655.00,-1.12,-0.47,-3.01
3450.00,3489.00,-1.20,-0.47,-2.59
3017.00,3775.00,-1.12,-0.47,-2.97
1638.00,2043.00,-1.30,-0.47,-2.26
3803.00,2027.00,-1.04,-0.47,-3.75
3491.00,2497.00,-3.30,-0.47,-1.09
1884.00,2502.00,-1.33,-0.47,-2.23
3992.00,1197.00,-2.06,-0.47,-1.41
1730.00,1656.00,-1.20,-0.46,-2.68
2130.00,4564.00,-1.52,-0.46,-1.88
2387.00,4381.00,-1.22,-0.46,-2.58
1809.00,3902.00,-1.08,-0.46,-3.54
2834.00,3721.00,-1.17,-0.46,-2.85
2808.00,2777.00,-2.77,-0.46,-1.18
4832.00,4889.00,-1.24,-0.46,-2.53
3987.00,4183.00,-1.40,-0.46,-2.11
3329.00,4653.00,-3.34,-0.46,-1.10
398.00,471.00,-1.77,-0.46,-1.62
3570.00,3207.00,-1.40,-0.46,-2.10
3329.00,4671.00,-3.14,-0.46,-1.13
2551.00,1542.00,-1.25,-0.46,-2.52
95.00,241.00,-1.17,-0.46,-2.85
1385.00,1378.00,-1.18,-0.46,-2.83
362.00,1382.00,-1.08,-0.46,-3.60
956.00,977.00,-1.98,-0.46,-1.48
480.00,3902.00,-1.11,-0.45,-3.34
352.00,593.00,-1.24,-0.45,-2.57
3377.00,2265.00,-1.53,-0.45,-1.92
904.00,4037.00,-1.09,-0.45,-3.59
4553.00,4620.00,-1.46,-0.45,-2.03
4653.00,480.00,-1.36,-0.45,-2.23
904.00,5131.00,-1.27,-0.45,-2.50
2044.00,5205.00,-1.45,-0.45,-2.06
855.00,1382.00,-1.28,-0.45,-2.47
4171.00,346.00,-1.17,-0.45,-2.98
134.00,1936.00,-1.25,-0.45,-2.58
544.00,2186.00,-1.18,-0.45,-2.93
4747.00,3896.00,-1.18,-0.45,-2.93
3344.00,5524.00,-1.28,-0.45,-2.51
3745.00,4697.00,-1.89,-0.45,-1.56
4171.00,4933.00,-1.29,-0.45,-2.45
2350.00,1376.00,-1.35,-0.44,-2.30
1351.00,244.00,-1.39,-0.44,-2.21
1755.00,821.00,-3.85,-0.44,-1.09
4314.00,4268.00,-1.41,-0.44,-2.17
1527.00,1845.00,-1.26,-0.44,-2.62
4243.00,20.00,-1.20,-0.44,-2.86
3196.00,3231.00,-3.13,-0.44,-1.16
4685.00,1564.00,-1.37,-0.44,-2.29
2295.00,1561.00,-1.10,-0.44,-3.76
2523.00,5524.00,-1.50,-0.44,-2.04
904.00,1356.00,-1.32,-0.44,-2.45
2295.00,2079.00,-1.10,-0.44,-3.90
1952.00,3988.00,-1.24,-0.44,-2.76
4171.00,5595.00,-1.20,-0.44,-2.97
2690.00,2674.00,-1.70,-0.44,-1.77
2804.00,5475.00,-1.38,-0.44,-2.29
1848.00,4653.00,-2.40,-0.43,-1.34
3313.00,731.00,-2.28,-0.43,-1.38
2295.00,20.00,-1.10,-0.43,-3.97
2066.00,1764.00,-1.22,-0.43,-2.89
2257.00,1382.00,-1.73,-0.43,-1.75
4679.00,1564.00,-1.40,-0.43,-2.26
1997.00,61.00,-1.47,-0.43,-2.13
4364.00,24.00,-1.13,-0.43,-3.64
5192.00,1952.00,-1.33,-0.43,-2.47
2079.00,2089.00,-1.34,-0.43,-2.46
4171.00,3511.00,-1.25,-0.43,-2.79
2124.00,1271.00,-1.12,-0.43,-3.84
1809.00,904.00,-1.10,-0.42,-4.34
4405.00,1362.00,-1.55,-0.42,-2.01
1144.00,709.00,-1.43,-0.42,-2.24
442.00,409.00,-1.49,-0.42,-2.13
2265.00,633.00,-1.13,-0.42,-3.80
95.00,5.00,-1.29,-0.42,-2.70
4859.00,5653.00,-1.58,-0.42,-1.98
1556.00,1382.00,-1.16,-0.42,-3.57
5200.00,1952.00,-1.47,-0.42,-2.18
3721.00,1333.00,-1.21,-0.42,-3.13
1197.00,1196.00,-1.65,-0.42,-1.91
4171.00,5102.00,-1.39,-0.42,-2.39
4196.00,4437.00,-1.75,-0.42,-1.79
2896.00,2724.00,-1.24,-0.42,-2.97
2027.00,3286.00,-1.69,-0.42,-1.86
3706.00,2193.00,-1.18,-0.41,-3.47
2484.00,2545.00,-2.11,-0.41,-1.52
3444.00,3542.00,-1.51,-0.41,-2.15
3329.00,4675.00,-3.20,-0.41,-1.21
1351.00,1025.00,-1.38,-0.41,-2.45
5540.00,5552.00,-1.82,-0.41,-1.74
1351.00,1947.00,-1.18,-0.41,-3.50
3329.00,4660.00,-3.53,-0.41,-1.18
3325.00,3298.00,-2.00,-0.41,-1.60
5311.00,5369.00,-2.24,-0.41,-1.47
5311.00,5363.00,-2.24,-0.41,-1.47
5311.00,5370.00,-2.24,-0.41,-1.47
3721.00,1.00,-1.30,-0.41,-2.73
2350.00,961.00,-1.56,-0.41,-2.08
1270.00,3192.00,-1.72,-0.41,-1.86
2679.00,2172.00,-1.38,-0.41,-2.47
2681.00,424.00,-1.47,-0.41,-2.25
5352.00,61.00,-2.02,-0.41,-1.60
4681.00,1564.00,-1.39,-0.41,-2.47
1730.00,1770.00,-1.19,-0.41,-3.47
5079.00,4987.00,-2.45,-0.41,-1.39
2295.00,1043.00,-1.20,-0.41,-3.40
2267.00,1542.00,-1.96,-0.41,-1.65
3313.00,1270.00,-2.38,-0.41,-1.43
1200.00,2228.00,-1.35,-0.40,-2.62
5800.00,5803.00,-3.16,-0.40,-1.24
2682.00,2172.00,-1.42,-0.40,-2.41
2084.00,2222.00,-2.18,-0.40,-1.52
2350.00,3702.00,-2.13,-0.40,-1.54
317.00,1382.00,-1.54,-0.40,-2.13
2687.00,2794.00,-1.30,-0.40,-2.85
3918.00,5211.00,-1.96,-0.40,-1.66
365.00,409.00,-1.84,-0.40,-1.75
2265.00,218.00,-1.19,-0.40,-3.63
1590.00,1755.00,-3.64,-0.40,-1.19
2295.00,1256.00,-1.22,-0.40,-3.36
2306.00,2366.00,-4.12,-0.40,-1.16
0.00,2470.00,-1.68,-0.40,-1.94
4248.00,4250.00,-3.07,-0.40,-1.26
1952.00,3002.00,-1.34,-0.40,-2.69
5800.00,5790.00,-3.71,-0.40,-1.19
5199.00,1952.00,-1.39,-0.40,-2.52
2847.00,134.00,-1.27,-0.40,-3.04
1809.00,5489.00,-1.41,-0.40,-2.47
475.00,804.00,-1.62,-0.40,-2.04
5197.00,3718.00,-1.54,-0.40,-2.17
2243.00,1382.00,-1.35,-0.40,-2.68
4728.00,4734.00,-3.05,-0.40,-1.28
4530.00,480.00,-1.97,-0.40,-1.68
4658.00,4568.00,-2.01,-0.39,-1.65
201.00,593.00,-1.35,-0.39,-2.69
3903.00,3865.00,-2.39,-0.39,-1.45
3648.00,4083.00,-1.25,-0.39,-3.29
4171.00,1256.00,-1.23,-0.39,-3.45
4707.00,4813.00,-2.60,-0.39,-1.39
4171.00,3512.00,-1.36,-0.39,-2.68
2933.00,2027.00,-1.18,-0.39,-4.12
4171.00,4329.00,-1.39,-0.39,-2.61
2265.00,2102.00,-1.29,-0.39,-3.04
1017.00,61.00,-1.24,-0.39,-3.38
4685.00,2321.00,-1.49,-0.39,-2.34
5471.00,3721.00,-1.43,-0.39,-2.49
2306.00,2479.00,-4.02,-0.39,-1.19
1351.00,176.00,-1.42,-0.39,-2.55
329.00,134.00,-1.29,-0.39,-3.10
5202.00,1952.00,-1.51,-0.39,-2.30
134.00,1351.00,-1.25,-0.39,-3.42
2387.00,3806.00,-1.53,-0.39,-2.26
0.00,61.00,-1.29,-0.39,-3.12
4678.00,1564.00,-1.45,-0.38,-2.47
5196.00,3718.00,-1.81,-0.38,-1.87
2634.00,203.00,-1.26,-0.38,-3.36
4728.00,4457.00,-2.38,-0.38,-1.49
2260.00,1385.00,-1.92,-0.38,-1.76
4171.00,3610.00,-1.32,-0.38,-2.97
4384.00,1385.00,-1.20,-0.38,-4.10
3329.00,4530.00,-4.67,-0.38,-1.18
1395.00,1542.00,-1.22,-0.38,-3.83
5201.00,1952.00,-1.53,-0.38,-2.30
4790.00,4637.00,-2.16,-0.38,-1.60
4384.00,2003.00,-1.33,-0.38,-2.93
4171.00,4982.00,-1.31,-0.38,-3.06
2052.00,1718.00,-2.02,-0.38,-1.69
4610.00,411.00,-1.34,-0.38,-2.91
1877.00,1382.00,-1.59,-0.38,-2.19
394.00,134.00,-1.31,-0.38,-3.08
4171.00,5447.00,-1.37,-0.38,-2.80
4648.00,5479.00,-1.62,-0.38,-2.14
4369.00,4083.00,-1.75,-0.38,-1.95
1920.00,1770.00,-1.29,-0.38,-3.19
3428.00,3435.00,-1.62,-0.38,-2.14
2683.00,2172.00,-1.42,-0.38,-2.62
4171.00,3956.00,-1.48,-0.38,-2.45
2044.00,2962.00,-1.46,-0.38,-2.50
569.00,2787.00,-1.73,-0.38,-2.00
3652.00,3992.00,-2.45,-0.38,-1.48
3713.00,2896.00,-1.23,-0.38,-3.82
629.00,2876.00,-1.58,-0.38,-2.23
4569.00,4570.00,-1.79,-0.37,-1.93
545.00,4037.00,-1.26,-0.37,-3.60
1809.00,404.00,-1.28,-0.37,-3.45
2377.00,2433.00,-1.40,-0.37,-2.76
2265.00,417.00,-1.28,-0.37,-3.45
2847.00,2724.00,-1.37,-0.37,-2.92
2634.00,2659.00,-1.39,-0.37,-2.80
183.00,1782.00,-2.56,-0.37,-1.46
183.00,1659.00,-2.56,-0.37,-1.46
545.00,1356.00,-1.50,-0.37,-2.47
1051.00,1382.00,-1.29,-0.37,-3.46
2682.00,1952.00,-1.52,-0.37,-2.43
2710.00,2969.00,-3.84,-0.37,-1.25
1646.00,308.00,-1.76,-0.37,-2.01
1884.00,2433.00,-1.55,-0.37,-2.37
1362.00,3236.00,-1.40,-0.37,-2.83
2635.00,2638.00,-2.34,-0.36,-1.56
3380.00,3465.00,-2.66,-0.36,-1.45
491.00,2560.00,-1.52,-0.36,-2.44
1292.00,134.00,-1.47,-0.36,-2.59
2387.00,538.00,-1.38,-0.36,-2.96
3759.00,1333.00,-1.46,-0.36,-2.62
3706.00,2186.00,-1.36,-0.36,-3.04
2306.00,2433.00,-2.51,-0.36,-1.50
1351.00,1184.00,-1.34,-0.36,-3.20
3464.00,2896.00,-1.31,-0.36,-3.46
2295.00,2027.00,-1.26,-0.36,-4.07
3313.00,1838.00,-2.94,-0.36,-1.39
4608.00,4613.00,-3.36,-0.36,-1.32
2896.00,3497.00,-2.80,-0.36,-1.43
0.00,1382.00,-1.24,-0.36,-4.44
4569.00,4562.00,-1.89,-0.36,-1.90
2044.00,904.00,-1.24,-0.36,-4.53
731.00,831.00,-1.34,-0.36,-3.22
3313.00,1809.00,-2.10,-0.36,-1.73
4648.00,5634.00,-1.34,-0.36,-3.29
3755.00,1333.00,-1.46,-0.36,-2.69
3444.00,454.00,-1.69,-0.36,-2.17
1831.00,4889.00,-1.41,-0.36,-2.91
2027.00,1542.00,-1.32,-0.36,-3.42
56.00,5711.00,-1.49,-0.35,-2.61
3028.00,3332.00,-1.62,-0.35,-2.31
2690.00,2628.00,-2.15,-0.35,-1.71
2265.00,197.00,-1.26,-0.35,-4.31
134.00,2157.00,-1.57,-0.35,-2.42
4558.00,2537.00,-1.33,-0.35,-3.39
5038.00,4987.00,-2.36,-0.35,-1.60
1362.00,1985.00,-1.83,-0.35,-2.01
1280.00,1656.00,-1.45,-0.35,-2.80
360.00,2027.00,-1.29,-0.35,-3.97
1743.00,1770.00,-1.31,-0.35,-3.64
539.00,1326.00,-1.52,-0.35,-2.59
5573.00,5521.00,-2.74,-0.35,-1.47
2295.00,3448.00,-1.50,-0.35,-2.66
5635.00,5640.00,-3.47,-0.35,-1.34
483.00,309.00,-1.55,-0.35,-2.52
2834.00,2896.00,-1.34,-0.35,-3.46
904.00,4405.00,-1.38,-0.35,-3.21
987.00,3743.00,-3.37,-0.34,-1.36
2683.00,1952.00,-1.52,-0.34,-2.64
2343.00,2513.00,-2.05,-0.34,-1.82
3915.00,4404.00,-1.58,-0.34,-2.46
2839.00,3743.00,-3.38,-0.34,-1.36
2690.00,2541.00,-2.38,-0.34,-1.62
2124.00,953.00,-1.41,-0.34,-3.09
2690.00,2540.00,-2.38,-0.34,-1.63
2690.00,2544.00,-2.38,-0.34,-1.63
2679.00,424.00,-1.89,-0.34,-1.98
237.00,905.00,-3.56,-0.34,-1.34
1801.00,2565.00,-1.67,-0.34,-2.30
4687.00,2321.00,-1.68,-0.34,-2.28
12.00,2896.00,-1.32,-0.34,-3.91
4897.00,4565.00,-2.87,-0.34,-1.47
2821.00,2027.00,-1.41,-0.34,-3.16
1952.00,1732.00,-1.49,-0.34,-2.79
1647.00,5114.00,-2.42,-0.34,-1.63
3749.00,5117.00,-2.41,-0.34,-1.63
3877.00,5607.00,-1.66,-0.34,-2.34
2164.00,1791.00,-2.13,-0.34,-1.80
2295.00,2928.00,-1.37,-0.34,-3.45
4405.00,134.00,-1.63,-0.33,-2.43
3526.00,4811.00,-1.68,-0.33,-2.32
2295.00,4449.00,-1.43,-0.33,-3.09
2251.00,3796.00,-1.50,-0.33,-2.81
1351.00,904.00,-1.31,-0.33,-4.32
5481.00,2193.00,-1.41,-0.33,-3.27
4106.00,4074.00,-1.49,-0.33,-2.85
4700.00,4634.00,-2.18,-0.33,-1.78
4586.00,4596.00,-3.12,-0.33,-1.44
4171.00,3232.00,-1.39,-0.33,-3.46
1638.00,24.00,-1.40,-0.33,-3.38
2295.00,2345.00,-1.37,-0.33,-3.63
5507.00,4278.00,-1.68,-0.33,-2.36
3464.00,411.00,-1.59,-0.33,-2.58
4171.00,5445.00,-1.55,-0.33,-2.68
5475.00,5476.00,-3.01,-0.33,-1.47
2044.00,1351.00,-1.33,-0.33,-4.16
977.00,956.00,-2.40,-0.33,-1.67
1200.00,2699.00,-1.57,-0.33,-2.64
269.00,831.00,-1.37,-0.33,-3.69
1839.00,3743.00,-2.81,-0.33,-1.52
5012.00,5035.00,-3.00,-0.33,-1.48
4728.00,4545.00,-2.74,-0.33,-1.54
1375.00,1442.00,-3.72,-0.33,-1.37
904.00,831.00,-1.32,-0.33,-4.43
1251.00,1392.00,-3.16,-0.33,-1.45
0.00,671.00,-1.81,-0.32,-2.18
1614.00,1791.00,-1.54,-0.32,-2.79
148.00,178.00,-1.66,-0.32,-2.47
904.00,4889.00,-1.45,-0.32,-3.24
3721.00,3039.00,-1.55,-0.32,-2.80
2933.00,2724.00,-1.37,-0.32,-3.88
4653.00,1809.00,-1.60,-0.32,-2.62
3444.00,4268.00,-1.76,-0.32,-2.29
2387.00,5868.00,-1.70,-0.32,-2.40
769.00,823.00,-1.56,-0.32,-2.75
34.00,5800.00,-1.43,-0.32,-3.41
2187.00,1382.00,-1.65,-0.32,-2.52
3530.00,2896.00,-1.54,-0.32,-2.86
3039.00,3721.00,-1.52,-0.32,-2.94
4362.00,24.00,-1.46,-0.32,-3.22
3877.00,2896.00,-1.42,-0.32,-3.51
5200.00,3718.00,-1.91,-0.32,-2.09
2066.00,2434.00,-1.64,-0.32,-2.56
1669.00,5531.00,-2.47,-0.32,-1.68
2027.00,2538.00,-2.05,-0.31,-1.96
2027.00,1770.00,-1.42,-0.31,-3.60
4693.00,4790.00,-1.60,-0.31,-2.71
2066.00,2647.00,-1.66,-0.31,-2.54
1317.00,2879.00,-1.62,-0.31,-2.66
1809.00,2027.00,-1.38,-0.31,-4.10
2142.00,2497.00,-2.99,-0.31,-1.52
2896.00,3143.00,-2.86,-0.31,-1.56
2027.00,2878.00,-1.76,-0.31,-2.35
2690.00,2521.00,-3.39,-0.31,-1.45
6.00,409.00,-1.43,-0.31,-3.55
2690.00,2543.00,-3.39,-0.31,-1.46
2690.00,2542.00,-3.39,-0.31,-1.46
5192.00,3718.00,-1.76,-0.31,-2.37
2683.00,424.00,-1.92,-0.31,-2.13
2395.00,2880.00,-4.30,-0.31,-1.38
1395.00,1382.00,-1.36,-0.31,-4.74
4728.00,4693.00,-1.93,-0.31,-2.12
4457.00,4658.00,-1.88,-0.31,-2.19
3918.00,5913.00,-3.86,-0.31,-1.42
1791.00,2044.00,-1.75,-0.31,-2.41
3987.00,4135.00,-1.58,-0.31,-2.86
2710.00,2713.00,-3.43,-0.31,-1.47
133.00,1571.00,-3.19,-0.31,-1.50
4660.00,480.00,-1.73,-0.31,-2.45
12.00,831.00,-1.39,-0.31,-4.26
5362.00,2986.00,-1.78,-0.30,-2.37
5635.00,5637.00,-3.77,-0.30,-1.43
5635.00,5639.00,-3.77,-0.30,-1.43
4171.00,3379.00,-1.58,-0.30,-2.87
63.00,831.00,-1.44,-0.30,-3.72
1280.00,1770.00,-1.45,-0.30,-3.60
904.00,5036.00,-1.69,-0.30,-2.57
4685.00,4634.00,-1.63,-0.30,-2.74
2265.00,922.00,-1.42,-0.30,-4.01
4401.00,4501.00,-2.72,-0.30,-1.64
4700.00,1809.00,-2.35,-0.30,-1.80
4530.00,4634.00,-2.03,-0.30,-2.05
4384.00,1184.00,-1.55,-0.30,-3.11
4024.00,2047.00,-2.45,-0.30,-1.77
1809.00,3232.00,-1.50,-0.30,-3.41
4171.00,5225.00,-1.57,-0.30,-3.05
3313.00,1362.00,-2.83,-0.30,-1.62
4898.00,5500.00,-2.77,-0.30,-1.65
2265.00,373.00,-1.48,-0.29,-3.59
4679.00,4634.00,-1.67,-0.29,-2.71
1365.00,1382.00,-1.44,-0.29,-4.09
2112.00,3743.00,-3.35,-0.29,-1.52
5196.00,5198.00,-3.88,-0.29,-1.45
140.00,2777.00,-1.78,-0.29,-2.45
3344.00,3721.00,-1.59,-0.29,-3.01
2387.00,2027.00,-1.45,-0.29,-3.94
1809.00,5085.00,-1.70,-0.29,-2.64
3450.00,3514.00,-1.88,-0.29,-2.30
103.00,178.00,-1.62,-0.29,-2.89
4658.00,4731.00,-2.19,-0.29,-1.96
4558.00,5079.00,-1.75,-0.29,-2.53
3272.00,1362.00,-1.70,-0.29,-2.67
3975.00,4442.00,-2.54,-0.29,-1.75
2690.00,2567.00,-2.28,-0.29,-1.90
2687.00,2865.00,-2.16,-0.29,-1.99
3987.00,4523.00,-1.65,-0.29,-2.81
4683.00,1809.00,-1.75,-0.29,-2.55
2660.00,3272.00,-1.93,-0.29,-2.24
1542.00,2027.00,-1.57,-0.29,-3.14
5524.00,5362.00,-1.72,-0.29,-2.63
2343.00,2515.00,-2.15,-0.29,-2.00
4171.00,5344.00,-1.62,-0.29,-2.94
1395.00,3024.00,-1.92,-0.29,-2.26
5199.00,3718.00,-1.82,-0.29,-2.42
2350.00,2734.00,-2.21,-0.29,-1.96
4653.00,4655.00,-1.89,-0.29,-2.31
1554.00,2238.00,-2.05,-0.29,-2.11
360.00,2724.00,-1.49,-0.29,-3.74
2350.00,2765.00,-2.44,-0.29,-1.82
778.00,983.00,-2.52,-0.29,-1.78
5201.00,3718.00,-1.97,-0.29,-2.21
5212.00,2044.00,-1.95,-0.29,-2.24
4653.00,3896.00,-1.59,-0.28,-3.14
4531.00,5475.00,-1.52,-0.28,-3.59
1966.00,1718.00,-1.61,-0.28,-3.06
4290.00,1534.00,-1.66,-0.28,-2.88
2164.00,5717.00,-3.34,-0.28,-1.56
4658.00,4735.00,-2.60,-0.28,-1.77
360.00,2213.00,-1.48,-0.28,-4.04
4680.00,4634.00,-1.66,-0.28,-2.90
3812.00,3743.00,-3.56,-0.28,-1.53
2193.00,3721.00,-1.62,-0.28,-3.05
2646.00,2961.00,-1.76,-0.28,-2.62
1713.00,1770.00,-1.52,-0.28,-3.65
2265.00,501.00,-1.51,-0.28,-3.71
4457.00,4636.00,-1.81,-0.28,-2.52
3721.00,5798.00,-2.01,-0.28,-2.20
2265.00,2362.00,-1.73,-0.28,-2.69
3718.00,4544.00,-1.90,-0.28,-2.35
2523.00,3721.00,-1.80,-0.28,-2.54
4216.00,3503.00,-1.92,-0.28,-2.32
3639.00,134.00,-1.49,-0.28,-3.97
4681.00,4634.00,-1.66,-0.28,-2.92
4243.00,4234.00,-1.83,-0.28,-2.49
4531.00,3269.00,-1.76,-0.28,-2.66
1395.00,2602.00,-1.70,-0.28,-2.83
2295.00,4378.00,-1.53,-0.28,-3.65
3987.00,5725.00,-1.66,-0.28,-2.94
1809.00,2631.00,-1.80,-0.28,-2.56
4530.00,4655.00,-2.54,-0.28,-1.81
2599.00,4743.00,-1.72,-0.28,-2.79
1809.00,4857.00,-1.80,-0.28,-2.59
2821.00,2213.00,-1.60,-0.28,-3.23
4171.00,5058.00,-1.70,-0.28,-2.86
4658.00,4477.00,-2.21,-0.27,-2.03
4742.00,1809.00,-1.76,-0.27,-2.68
3743.00,2387.00,-2.31,-0.27,-1.96
2834.00,4083.00,-1.69,-0.27,-2.89
1317.00,2027.00,-1.56,-0.27,-3.55
3365.00,3471.00,-2.87,-0.27,-1.70
4162.00,24.00,-1.75,-0.27,-2.72
2896.00,3058.00,-2.88,-0.27,-1.70
2794.00,2867.00,-2.59,-0.27,-1.81
4171.00,4378.00,-1.54,-0.27,-3.74
4677.00,4634.00,-1.74,-0.27,-2.79
3526.00,4074.00,-1.72,-0.27,-2.84
1352.00,831.00,-1.65,-0.27,-3.11
2295.00,570.00,-1.63,-0.27,-3.22
3571.00,1153.00,-2.05,-0.27,-2.24
3987.00,5.00,-1.56,-0.27,-3.68
3759.00,2387.00,-1.92,-0.27,-2.44
4530.00,1809.00,-2.21,-0.27,-2.08
2066.00,2605.00,-1.95,-0.27,-2.39
5524.00,4518.00,-2.14,-0.27,-2.15
2387.00,4135.00,-1.82,-0.27,-2.63
34.00,5219.00,-2.16,-0.27,-2.14
5824.00,5800.00,-2.30,-0.27,-2.02
4667.00,4634.00,-1.76,-0.27,-2.79
2251.00,4162.00,-1.76,-0.27,-2.79
4936.00,4897.00,-2.19,-0.26,-2.11
1954.00,2007.00,-3.19,-0.26,-1.66
2387.00,134.00,-1.56,-0.26,-3.83
3639.00,222.00,-1.75,-0.26,-2.86
3639.00,4518.00,-1.68,-0.26,-3.12
1676.00,831.00,-1.59,-0.26,-3.60
1351.00,1362.00,-1.60,-0.26,-3.54
1266.00,1392.00,-3.91,-0.26,-1.56
4678.00,4634.00,-1.73,-0.26,-2.94
2265.00,1289.00,-1.67,-0.26,-3.18
1362.00,904.00,-1.57,-0.26,-3.84
360.00,3659.00,-1.76,-0.26,-2.86
4674.00,4634.00,-1.78,-0.26,-2.80
2044.00,2027.00,-1.53,-0.26,-4.31
4162.00,5610.00,-3.55,-0.26,-1.60
2710.00,2995.00,-3.76,-0.26,-1.58
2874.00,2497.00,-2.80,-0.26,-1.78
3755.00,2387.00,-1.92,-0.26,-2.50
4685.00,1809.00,-1.80,-0.26,-2.76
4204.00,3177.00,-2.86,-0.26,-1.76
1809.00,4523.00,-1.81,-0.26,-2.73
2690.00,2703.00,-2.66,-0.26,-1.84
2690.00,2704.00,-2.66,-0.26,-1.84
4687.00,4634.00,-1.83,-0.26,-2.68
2047.00,4024.00,-2.59,-0.26,-1.88
2232.00,5188.00,-3.07,-0.26,-1.71
4665.00,1809.00,-1.79,-0.26,-2.80
4531.00,5703.00,-1.76,-0.26,-2.89
4666.00,1809.00,-1.82,-0.26,-2.75
2292.00,2207.00,-1.94,-0.26,-2.49
2265.00,560.00,-1.62,-0.26,-3.60
1486.00,1646.00,-1.95,-0.25,-2.49
831.00,725.00,-1.86,-0.25,-2.66
34.00,3919.00,-2.13,-0.25,-2.25
3721.00,1317.00,-1.79,-0.25,-2.84
4171.00,5472.00,-1.70,-0.25,-3.20
2124.00,2264.00,-1.63,-0.25,-3.60
1898.00,2689.00,-2.09,-0.25,-2.31
4608.00,4602.00,-3.46,-0.25,-1.65
1270.00,2822.00,-2.07,-0.25,-2.33
2265.00,631.00,-1.58,-0.25,-4.00
2679.00,2292.00,-2.45,-0.25,-1.99
2265.00,653.00,-1.62,-0.25,-3.69
2387.00,5070.00,-1.86,-0.25,-2.69
2265.00,74.00,-1.65,-0.25,-3.47
3377.00,2027.00,-2.22,-0.25,-2.17
2124.00,5297.00,-1.66,-0.25,-3.43
1952.00,3209.00,-1.89,-0.25,-2.64
2690.00,2688.00,-2.42,-0.25,-2.02
4266.00,4597.00,-3.26,-0.25,-1.70
170.00,309.00,-1.71,-0.25,-3.21
3803.00,1655.00,-1.64,-0.25,-3.62
869.00,1330.00,-3.41,-0.25,-1.67
4728.00,4636.00,-3.35,-0.25,-1.68
4489.00,4420.00,-2.14,-0.25,-2.27
1614.00,1670.00,-2.40,-0.25,-2.05
2387.00,5071.00,-1.87,-0.25,-2.73
4290.00,4707.00,-1.80,-0.25,-2.90
3648.00,1534.00,-1.75,-0.25,-3.10
2387.00,5068.00,-1.87,-0.25,-2.74
1809.00,4755.00,-1.99,-0.25,-2.50
3571.00,2660.00,-2.01,-0.25,-2.46
360.00,5471.00,-1.64,-0.25,-3.70
3526.00,5383.00,-1.87,-0.25,-2.73
1362.00,1351.00,-1.67,-0.25,-3.48
2265.00,713.00,-1.63,-0.25,-3.80
5192.00,4898.00,-2.71,-0.25,-1.89
1584.00,1608.00,-1.96,-0.25,-2.56
134.00,1292.00,-1.88,-0.25,-2.74
2690.00,2701.00,-2.54,-0.25,-1.97
5.00,1382.00,-1.68,-0.25,-3.45
1351.00,2193.00,-1.63,-0.25,-3.88
2265.00,386.00,-1.63,-0.24,-3.81
1734.00,1845.00,-1.71,-0.24,-3.34
462.00,466.00,-3.04,-0.24,-1.78
4569.00,4573.00,-2.27,-0.24,-2.17
3759.00,1317.00,-2.09,-0.24,-2.38
404.00,905.00,-2.95,-0.24,-1.81
2124.00,4645.00,-1.68,-0.24,-3.56
881.00,1098.00,-2.34,-0.24,-2.13
2396.00,2423.00,-2.43,-0.24,-2.06
1809.00,4898.00,-1.76,-0.24,-3.16
2535.00,2580.00,-3.36,-0.24,-1.71
1333.00,3292.00,-2.05,-0.24,-2.45
2350.00,2746.00,-2.45,-0.24,-2.05
4680.00,1809.00,-1.83,-0.24,-2.92
4742.00,3896.00,-1.75,-0.24,-3.20
4832.00,5114.00,-1.96,-0.24,-2.61
3918.00,5729.00,-2.58,-0.24,-1.98
3639.00,2523.00,-1.69,-0.24,-3.49
2387.00,2724.00,-1.66,-0.24,-3.72
2890.00,2810.00,-2.56,-0.24,-1.99
5197.00,5198.00,-3.55,-0.24,-1.69
4668.00,4634.00,-1.80,-0.24,-3.03
2172.00,24.00,-1.61,-0.24,-4.41
1385.00,2706.00,-2.48,-0.24,-2.05
4681.00,1809.00,-1.83,-0.24,-2.94
2657.00,2502.00,-1.93,-0.24,-2.70
5.00,1330.00,-2.47,-0.24,-2.06
12.00,2228.00,-1.85,-0.24,-2.92
2052.00,1330.00,-2.76,-0.24,-1.91
2124.00,5067.00,-1.66,-0.24,-3.85
3451.00,2800.00,-2.07,-0.24,-2.48
2265.00,1099.00,-1.74,-0.24,-3.37
5611.00,5708.00,-2.62,-0.24,-1.99
360.00,3530.00,-1.71,-0.23,-3.56
1376.00,1386.00,-3.11,-0.23,-1.81
4171.00,3530.00,-1.69,-0.23,-3.75
2387.00,3566.00,-1.92,-0.23,-2.79
2387.00,5066.00,-1.79,-0.23,-3.18
4677.00,1809.00,-1.91,-0.23,-2.82
3827.00,5575.00,-2.44,-0.23,-2.12
904.00,1770.00,-1.65,-0.23,-4.22
3758.00,1317.00,-2.19,-0.23,-2.35
1952.00,203.00,-1.70,-0.23,-3.76
2265.00,578.00,-1.70,-0.23,-3.73
2387.00,5069.00,-1.81,-0.23,-3.18
114.00,2.00,-1.95,-0.23,-2.75
4832.00,4707.00,-2.01,-0.23,-2.63
4732.00,1809.00,-1.88,-0.23,-2.93
2327.00,1542.00,-1.79,-0.23,-3.26
5199.00,4898.00,-2.78,-0.23,-1.95
2027.00,2682.00,-1.93,-0.23,-2.83
4667.00,1809.00,-1.94,-0.23,-2.81
1809.00,5472.00,-1.82,-0.23,-3.16
3236.00,3332.00,-1.79,-0.23,-3.29
3171.00,3332.00,-1.98,-0.23,-2.71
2690.00,2622.00,-2.83,-0.23,-1.93
4384.00,3864.00,-2.45,-0.23,-2.14
4685.00,3896.00,-1.79,-0.23,-3.28
4204.00,5649.00,-2.89,-0.23,-1.91
1898.00,2560.00,-1.86,-0.23,-3.06
5362.00,5524.00,-1.95,-0.23,-2.80
2690.00,2694.00,-2.50,-0.23,-2.12
1351.00,2044.00,-1.66,-0.23,-4.37
4700.00,3896.00,-2.30,-0.23,-2.28
4666.00,3896.00,-1.81,-0.23,-3.27
2933.00,3014.00,-2.01,-0.23,-2.69
2690.00,2693.00,-3.90,-0.23,-1.71
6.00,309.00,-1.79,-0.23,-3.35
4674.00,1809.00,-1.95,-0.23,-2.83
12.00,5972.00,-2.45,-0.23,-2.16
3784.00,2016.00,-3.50,-0.23,-1.76
2396.00,5574.00,-2.76,-0.23,-1.98
3464.00,4516.00,-2.73,-0.23,-1.99
4678.00,1809.00,-1.90,-0.22,-2.96
3830.00,5216.00,-5.10,-0.22,-1.63
2044.00,4135.00,-1.89,-0.22,-3.00
3544.00,498.00,-1.99,-0.22,-2.74
855.00,2497.00,-2.86,-0.22,-1.94
1809.00,4774.00,-2.16,-0.22,-2.46
3759.00,1809.00,-1.94,-0.22,-2.87
6.00,471.00,-1.90,-0.22,-2.98
2683.00,2292.00,-2.49,-0.22,-2.14
785.00,1382.00,-1.78,-0.22,-3.44
3756.00,1317.00,-2.21,-0.22,-2.40
2124.00,4330.00,-1.74,-0.22,-3.68
2124.00,4995.00,-1.77,-0.22,-3.51
4204.00,61.00,-2.00,-0.22,-2.75
5524.00,2523.00,-2.14,-0.22,-2.51
1952.00,2897.00,-1.82,-0.22,-3.31
1395.00,2973.00,-2.07,-0.22,-2.61
5197.00,2044.00,-2.01,-0.22,-2.73
4679.00,3896.00,-1.83,-0.22,-3.25
855.00,3743.00,-3.22,-0.22,-1.84
1583.00,1661.00,-2.54,-0.22,-2.12
1692.00,1542.00,-1.82,-0.22,-3.30
1276.00,831.00,-2.09,-0.22,-2.61
3655.00,2896.00,-1.86,-0.22,-3.15
16.00,3755.00,-2.27,-0.22,-2.36
1351.00,134.00,-1.72,-0.22,-4.00
4384.00,1725.00,-2.10,-0.22,-2.59
4682.00,1814.00,-2.05,-0.22,-2.67
2124.00,3840.00,-1.75,-0.22,-3.73
2690.00,2671.00,-2.58,-0.22,-2.11
1809.00,5471.00,-1.74,-0.22,-3.84
2690.00,2673.00,-2.40,-0.22,-2.24
95.00,2896.00,-1.78,-0.22,-3.56
2350.00,2748.00,-2.47,-0.22,-2.19
12.00,1770.00,-1.72,-0.22,-4.05
3755.00,1809.00,-1.94,-0.22,-2.94
4671.00,4634.00,-1.88,-0.22,-3.11
4545.00,4542.00,-2.18,-0.22,-2.48
5690.00,5800.00,-2.70,-0.22,-2.04
1809.00,2697.00,-2.09,-0.22,-2.62
1809.00,2696.00,-2.09,-0.22,-2.62
2265.00,1668.00,-2.05,-0.22,-2.71
544.00,1153.00,-1.97,-0.22,-2.89
308.00,1751.00,-1.93,-0.22,-2.97
4672.00,1809.00,-1.96,-0.22,-2.91
2387.00,3561.00,-1.99,-0.22,-2.83
2727.00,2752.00,-2.52,-0.22,-2.17
4790.00,4801.00,-3.86,-0.22,-1.75
3648.00,4707.00,-1.90,-0.22,-3.12
1734.00,1153.00,-1.94,-0.22,-2.98
4706.00,3896.00,-1.84,-0.22,-3.37
904.00,2089.00,-1.80,-0.22,-3.58
1317.00,5.00,-1.92,-0.21,-3.06
1385.00,2719.00,-1.95,-0.21,-2.97
3714.00,4109.00,-2.51,-0.21,-2.19
414.00,1770.00,-1.81,-0.21,-3.51
4680.00,3896.00,-1.83,-0.21,-3.44
2265.00,1627.00,-2.01,-0.21,-2.84
1385.00,2717.00,-2.12,-0.21,-2.63
4530.00,4621.00,-3.25,-0.21,-1.87
2690.00,2707.00,-3.97,-0.21,-1.75
2690.00,2705.00,-3.97,-0.21,-1.75
3743.00,1809.00,-2.31,-0.21,-2.38
4681.00,3896.00,-1.83,-0.21,-3.47
1385.00,1509.00,-2.05,-0.21,-2.76
4171.00,5608.00,-1.95,-0.21,-3.01
1689.00,831.00,-1.77,-0.21,-3.87
1527.00,1382.00,-1.74,-0.21,-4.13
2657.00,2961.00,-2.18,-0.21,-2.56
2727.00,2580.00,-2.25,-0.21,-2.46
4202.00,4644.00,-3.31,-0.21,-1.87
5196.00,2044.00,-2.27,-0.21,-2.43
1647.00,2876.00,-2.85,-0.21,-2.02
2690.00,2676.00,-3.74,-0.21,-1.79
2690.00,2708.00,-3.74,-0.21,-1.80
34.00,2064.00,-2.42,-0.21,-2.30
4660.00,1809.00,-2.01,-0.21,-2.88
1809.00,2627.00,-2.03,-0.21,-2.84
4530.00,3896.00,-2.18,-0.21,-2.58
3758.00,1809.00,-2.03,-0.21,-2.84
2124.00,2986.00,-1.74,-0.21,-4.25
4384.00,3546.00,-1.87,-0.21,-3.34
5524.00,5653.00,-2.48,-0.21,-2.25
2350.00,2751.00,-2.73,-0.21,-2.10
4653.00,904.00,-1.93,-0.21,-3.17
2350.00,2719.00,-2.73,-0.21,-2.10
2387.00,5471.00,-1.82,-0.21,-3.69
5528.00,5546.00,-3.10,-0.21,-1.96
904.00,2224.00,-2.26,-0.21,-2.50
1952.00,3503.00,-1.91,-0.21,-3.28
2321.00,4685.00,-1.99,-0.21,-3.00
2878.00,2687.00,-2.41,-0.21,-2.35
4668.00,1809.00,-1.98,-0.21,-3.05
16.00,3759.00,-2.35,-0.20,-2.41
3313.00,134.00,-2.90,-0.20,-2.04
1385.00,831.00,-1.74,-0.20,-4.67
16.00,3758.00,-2.41,-0.20,-2.35
12.00,2565.00,-2.06,-0.20,-2.87
1809.00,5304.00,-3.02,-0.20,-2.00
4677.00,3896.00,-1.90,-0.20,-3.34
4732.00,3896.00,-1.88,-0.20,-3.46
2327.00,2089.00,-2.07,-0.20,-2.84
4859.00,5753.00,-3.01,-0.20,-2.01
3756.00,1809.00,-2.06,-0.20,-2.89
2052.00,1382.00,-1.93,-0.20,-3.26
3444.00,2.00,-2.00,-0.20,-3.04
1828.00,1382.00,-1.91,-0.20,-3.38
1584.00,1330.00,-2.08,-0.20,-2.84
2635.00,2639.00,-3.48,-0.20,-1.89
3721.00,3902.00,-1.98,-0.20,-3.12
2295.00,3340.00,-1.89,-0.20,-3.46
2690.00,2675.00,-4.12,-0.20,-1.80
2794.00,2016.00,-2.43,-0.20,-2.37
2066.00,2630.00,-2.04,-0.20,-2.97
2681.00,134.00,-2.07,-0.20,-2.90
1017.00,5745.00,-2.04,-0.20,-2.98
4667.00,3896.00,-1.93,-0.20,-3.33
0.00,1752.00,-1.98,-0.20,-3.15
4678.00,3896.00,-1.90,-0.20,-3.48
2350.00,732.00,-2.23,-0.20,-2.62
1831.00,3275.00,-2.22,-0.20,-2.64
1809.00,5020.00,-2.07,-0.20,-2.93
605.00,3743.00,-2.72,-0.20,-2.17
16.00,3756.00,-2.42,-0.20,-2.40
4384.00,2193.00,-1.85,-0.20,-3.81
2858.00,2497.00,-2.90,-0.20,-2.09
5521.00,24.00,-2.18,-0.20,-2.72
4591.00,5020.00,-2.41,-0.20,-2.43
2350.00,2737.00,-4.04,-0.20,-1.83
2690.00,2570.00,-2.82,-0.20,-2.14
1809.00,2569.00,-2.21,-0.20,-2.69
2350.00,2720.00,-2.88,-0.20,-2.11
3451.00,5148.00,-3.31,-0.20,-1.96
1362.00,2027.00,-1.89,-0.20,-3.65
1583.00,1382.00,-1.84,-0.20,-3.97
2641.00,2342.00,-2.00,-0.19,-3.19
4171.00,4834.00,-2.00,-0.19,-3.19
4743.00,1809.00,-2.17,-0.19,-2.77
5524.00,1097.00,-2.42,-0.19,-2.44
4693.00,4897.00,-1.96,-0.19,-3.33
63.00,1139.00,-2.36,-0.19,-2.51
4558.00,5504.00,-2.31,-0.19,-2.57
1333.00,4842.00,-2.90,-0.19,-2.12
4687.00,3896.00,-2.00,-0.19,-3.23
5412.00,5800.00,-2.32,-0.19,-2.57
1809.00,5215.00,-2.19,-0.19,-2.77
308.00,24.00,-1.87,-0.19,-3.86
4171.00,4433.00,-1.86,-0.19,-4.01
1200.00,2573.00,-2.10,-0.19,-2.95
4679.00,1814.00,-2.24,-0.19,-2.69
1385.00,2720.00,-2.10,-0.19,-2.96
2027.00,2679.00,-2.08,-0.19,-3.00
2066.00,2566.00,-2.05,-0.19,-3.11
2377.00,2479.00,-2.70,-0.19,-2.24
4672.00,3896.00,-1.96,-0.19,-3.43
4171.00,4591.00,-1.84,-0.19,-4.23
2398.00,5187.00,-2.70,-0.19,-2.24
4682.00,904.00,-2.00,-0.19,-3.27
2690.00,2702.00,-2.92,-0.19,-2.12
2710.00,2016.00,-2.77,-0.19,-2.20
4685.00,4693.00,-2.01,-0.19,-3.25
1561.00,1755.00,-3.26,-0.19,-2.01
4653.00,4621.00,-2.57,-0.19,-2.34
134.00,5573.00,-2.85,-0.19,-2.17
2295.00,4906.00,-1.93,-0.19,-3.59
1809.00,2601.00,-2.26,-0.19,-2.69
1638.00,4323.00,-3.33,-0.19,-1.99
904.00,4732.00,-1.91,-0.19,-3.74
3106.00,4349.00,-2.38,-0.19,-2.54
2172.00,1542.00,-1.85,-0.19,-4.29
1564.00,1542.00,-1.91,-0.19,-3.80
2690.00,2670.00,-2.78,-0.19,-2.22
4671.00,1809.00,-2.06,-0.19,-3.14
1395.00,1330.00,-2.03,-0.19,-3.24
2493.00,2497.00,-2.91,-0.19,-2.16
1017.00,3465.00,-1.94,-0.19,-3.62
4634.00,4775.00,-2.33,-0.19,-2.61
2475.00,2497.00,-3.60,-0.19,-1.95
2321.00,4687.00,-2.15,-0.19,-2.94
4216.00,5451.00,-3.20,-0.19,-2.05
3987.00,1655.00,-1.88,-0.19,-4.11
2321.00,4706.00,-2.07,-0.19,-3.13
2066.00,2632.00,-2.04,-0.19,-3.25
3721.00,3344.00,-2.02,-0.19,-3.32
4658.00,4734.00,-2.90,-0.19,-2.17
1200.00,2721.00,-2.65,-0.19,-2.32
2350.00,2736.00,-2.98,-0.19,-2.13
4679.00,4693.00,-2.05,-0.18,-3.22
2350.00,3559.00,-3.84,-0.18,-1.91
303.00,2580.00,-2.19,-0.18,-2.86
2657.00,61.00,-2.15,-0.18,-2.96
3915.00,4403.00,-2.99,-0.18,-2.14
2193.00,869.00,-2.37,-0.18,-2.60
308.00,831.00,-1.88,-0.18,-4.12
1385.00,2700.00,-2.11,-0.18,-3.07
4660.00,3896.00,-2.01,-0.18,-3.41
3450.00,5479.00,-2.29,-0.18,-2.71
360.00,2210.00,-2.10,-0.18,-3.10
1351.00,5.00,-1.97,-0.18,-3.62
2933.00,1990.00,-1.92,-0.18,-3.92
1801.00,2016.00,-2.05,-0.18,-3.29
2295.00,4801.00,-2.27,-0.18,-2.77
4668.00,3896.00,-1.98,-0.18,-3.58
1809.00,4867.00,-2.97,-0.18,-2.17
1809.00,4500.00,-2.97,-0.18,-2.17
2044.00,5471.00,-1.91,-0.18,-4.07
4171.00,3721.00,-1.93,-0.18,-3.91
1333.00,1382.00,-1.85,-0.18,-4.81
2066.00,2603.00,-2.20,-0.18,-2.90
5024.00,4250.00,-2.48,-0.18,-2.50
360.00,1655.00,-1.93,-0.18,-3.89
2265.00,3115.00,-2.42,-0.18,-2.58
4171.00,5230.00,-2.22,-0.18,-2.89
2690.00,2668.00,-2.86,-0.18,-2.24
1362.00,3366.00,-2.48,-0.18,-2.53
1692.00,1661.00,-2.67,-0.18,-2.36
4680.00,1814.00,-2.23,-0.18,-2.88
1402.00,4542.00,-2.22,-0.18,-2.90
2187.00,3743.00,-3.69,-0.18,-1.98
2350.00,2744.00,-4.08,-0.18,-1.92
4680.00,4693.00,-2.04,-0.18,-3.41
2690.00,2698.00,-3.02,-0.18,-2.17
1385.00,2736.00,-2.19,-0.18,-2.99
2690.00,2699.00,-2.99,-0.18,-2.19
3918.00,5732.00,-4.01,-0.18,-1.94
2265.00,19.00,-2.24,-0.18,-2.90
3526.00,5206.00,-2.94,-0.18,-2.22
1809.00,4834.00,-2.13,-0.18,-3.15
4681.00,4693.00,-2.05,-0.18,-3.44
4675.00,3896.00,-2.00,-0.18,-3.67
629.00,3743.00,-2.43,-0.18,-2.63
2878.00,2027.00,-2.56,-0.17,-2.48
3918.00,5731.00,-4.06,-0.17,-1.94
4634.00,4697.00,-2.22,-0.17,-2.96
2066.00,5.00,-1.97,-0.17,-3.95
1915.00,3743.00,-2.73,-0.17,-2.38
1385.00,869.00,-2.15,-0.17,-3.17
467.00,3743.00,-2.39,-0.17,-2.72
2044.00,3530.00,-1.98,-0.17,-3.93
5200.00,2044.00,-2.41,-0.17,-2.69
4171.00,5598.00,-2.59,-0.17,-2.50
4171.00,5303.00,-2.59,-0.17,-2.50
4171.00,5741.00,-2.59,-0.17,-2.50
4171.00,5736.00,-2.59,-0.17,-2.50
4171.00,1749.00,-2.59,-0.17,-2.50
2109.00,5337.00,-2.82,-0.17,-2.33
4677.00,4744.00,-3.01,-0.17,-2.23
4859.00,61.00,-2.34,-0.17,-2.81
4744.00,4747.00,-2.68,-0.17,-2.43
5192.00,2044.00,-2.26,-0.17,-2.97
3.00,712.00,-2.82,-0.17,-2.35
114.00,61.00,-2.33,-0.17,-2.86
1809.00,4813.00,-2.19,-0.17,-3.15
2265.00,2071.00,-2.11,-0.17,-3.41
1831.00,4697.00,-2.23,-0.17,-3.06
2175.00,2777.00,-2.24,-0.17,-3.05
2387.00,3340.00,-2.12,-0.17,-3.37
4658.00,4545.00,-2.64,-0.17,-2.49
1809.00,2568.00,-2.27,-0.17,-2.98
2350.00,2743.00,-2.97,-0.17,-2.28
2641.00,4442.00,-2.24,-0.17,-3.06
4678.00,1814.00,-2.30,-0.17,-2.93
4685.00,904.00,-2.14,-0.17,-3.32
424.00,24.00,-2.06,-0.17,-3.65
2265.00,2771.00,-2.26,-0.17,-3.02
3706.00,2660.00,-2.16,-0.17,-3.27
4665.00,904.00,-2.13,-0.17,-3.37
2876.00,2680.00,-3.45,-0.17,-2.11
4671.00,3896.00,-2.06,-0.17,-3.67
2657.00,3065.00,-3.24,-0.17,-2.18
1498.00,1752.00,-2.25,-0.17,-3.07
1692.00,1382.00,-1.98,-0.17,-4.22
2066.00,2259.00,-2.25,-0.17,-3.07
4037.00,4083.00,-2.35,-0.16,-2.86
5634.00,5742.00,-3.77,-0.16,-2.05
4666.00,904.00,-2.16,-0.16,-3.32
1952.00,1542.00,-1.98,-0.16,-4.25
34.00,471.00,-2.13,-0.16,-3.43
4743.00,3896.00,-2.17,-0.16,-3.29
1362.00,2724.00,-2.12,-0.16,-3.45
686.00,3743.00,-2.57,-0.16,-2.59
4732.00,4457.00,-2.46,-0.16,-2.71
1351.00,5768.00,-2.84,-0.16,-2.38
1351.00,5816.00,-2.84,-0.16,-2.38
1564.00,4681.00,-2.13,-0.16,-3.44
1564.00,1770.00,-2.02,-0.16,-4.01
4565.00,4897.00,-3.34,-0.16,-2.16
2682.00,134.00,-2.56,-0.16,-2.62
1809.00,5500.00,-2.38,-0.16,-2.85
4530.00,904.00,-2.54,-0.16,-2.64
3655.00,3865.00,-3.69,-0.16,-2.08
4253.00,4644.00,-2.51,-0.16,-2.68
4521.00,4530.00,-3.33,-0.16,-2.17
4679.00,904.00,-2.18,-0.16,-3.30
1809.00,4817.00,-2.35,-0.16,-2.91
3743.00,1362.00,-3.06,-0.16,-2.28
18.00,3743.00,-2.98,-0.16,-2.32
1809.00,5504.00,-2.48,-0.16,-2.73
3987.00,4278.00,-2.08,-0.16,-3.70
4687.00,4693.00,-2.22,-0.16,-3.21
1809.00,4741.00,-2.26,-0.16,-3.12
2027.00,2342.00,-2.32,-0.16,-3.02
3571.00,61.00,-2.41,-0.16,-2.86
2876.00,205.00,-2.44,-0.16,-2.83
1809.00,2584.00,-2.31,-0.16,-3.05
4542.00,4549.00,-3.71,-0.16,-2.11
3196.00,2342.00,-3.53,-0.16,-2.15
2044.00,5608.00,-2.25,-0.16,-3.20
2124.00,5070.00,-2.03,-0.16,-4.23
544.00,1718.00,-2.27,-0.16,-3.16
5199.00,2044.00,-2.33,-0.16,-3.03
904.00,5191.00,-3.09,-0.16,-2.30
16.00,3743.00,-3.13,-0.16,-2.29
4706.00,904.00,-2.19,-0.16,-3.42
2387.00,5904.00,-3.01,-0.16,-2.35
2387.00,3070.00,-3.01,-0.16,-2.35
2387.00,5945.00,-3.01,-0.16,-2.35
2387.00,5128.00,-3.01,-0.16,-2.35
5611.00,5790.00,-2.95,-0.16,-2.38
3718.00,203.00,-2.12,-0.16,-3.70
2124.00,5071.00,-2.03,-0.16,-4.28
5202.00,2044.00,-2.47,-0.16,-2.82
1385.00,2228.00,-2.21,-0.16,-3.35
2377.00,2639.00,-2.83,-0.16,-2.46
2124.00,5068.00,-2.04,-0.16,-4.29
3451.00,5050.00,-3.09,-0.16,-2.32
1542.00,2001.00,-3.66,-0.16,-2.14
2027.00,2275.00,-3.05,-0.16,-2.34
4680.00,904.00,-2.18,-0.16,-3.49
1564.00,4678.00,-2.19,-0.16,-3.46
2124.00,5014.00,-2.13,-0.16,-3.70
5201.00,2044.00,-2.48,-0.15,-2.82
4898.00,1276.00,-3.08,-0.15,-2.33
1809.00,4037.00,-2.08,-0.15,-4.00
4682.00,4703.00,-3.58,-0.15,-2.17
4681.00,904.00,-2.18,-0.15,-3.52
1732.00,1382.00,-2.30,-0.15,-3.16
2066.00,2627.00,-2.29,-0.15,-3.20
3718.00,2660.00,-2.22,-0.15,-3.41
3450.00,5796.00,-2.86,-0.15,-2.47
1385.00,2961.00,-2.20,-0.15,-3.48
1810.00,1955.00,-4.16,-0.15,-2.07
2876.00,521.00,-2.35,-0.15,-3.08
3648.00,4343.00,-2.59,-0.15,-2.72
3464.00,4705.00,-3.24,-0.15,-2.29
4531.00,5897.00,-3.04,-0.15,-2.39
4531.00,5870.00,-3.04,-0.15,-2.39
4531.00,5976.00,-3.04,-0.15,-2.39
4531.00,5974.00,-3.04,-0.15,-2.39
4531.00,5872.00,-3.04,-0.15,-2.39
4531.00,5886.00,-3.04,-0.15,-2.39
4531.00,5975.00,-3.04,-0.15,-2.39
4531.00,5900.00,-3.04,-0.15,-2.39
2124.00,5214.00,-2.15,-0.15,-3.79
2350.00,2740.00,-3.20,-0.15,-2.32
4384.00,5.00,-2.20,-0.15,-3.55
4744.00,4677.00,-2.93,-0.15,-2.46
63.00,1138.00,-2.50,-0.15,-2.87
1809.00,2746.00,-2.34,-0.15,-3.16
2933.00,2896.00,-2.06,-0.15,-4.52
2657.00,5610.00,-3.40,-0.15,-2.25
4677.00,904.00,-2.26,-0.15,-3.39
1952.00,3408.00,-2.79,-0.15,-2.57
1952.00,5453.00,-2.79,-0.15,-2.57
904.00,4665.00,-2.15,-0.15,-3.88
2066.00,2633.00,-2.37,-0.15,-3.12
2657.00,1382.00,-2.09,-0.15,-4.27
2172.00,1382.00,-2.03,-0.15,-5.23
536.00,905.00,-2.81,-0.15,-2.57
2265.00,292.00,-2.29,-0.15,-3.34
2124.00,4740.00,-2.27,-0.15,-3.41
12.00,3471.00,-2.97,-0.15,-2.46
3721.00,1362.00,-2.35,-0.15,-3.20
2683.00,134.00,-2.57,-0.15,-2.83
4653.00,2044.00,-2.33,-0.15,-3.27
4976.00,4964.00,-3.67,-0.15,-2.20
4667.00,904.00,-2.29,-0.15,-3.39
536.00,1307.00,-3.20,-0.15,-2.36
3759.00,1362.00,-2.65,-0.14,-2.75
2027.00,2683.00,-2.33,-0.14,-3.30
4678.00,904.00,-2.25,-0.14,-3.54
1351.00,60.00,-2.32,-0.14,-3.34
4667.00,4426.00,-2.89,-0.14,-2.55
2690.00,2665.00,-3.38,-0.14,-2.30
869.00,1382.00,-2.51,-0.14,-2.95
4384.00,5365.00,-2.38,-0.14,-3.18
1564.00,4680.00,-2.26,-0.14,-3.53
2066.00,2572.00,-2.31,-0.14,-3.37
4674.00,904.00,-2.30,-0.14,-3.41
1809.00,4794.00,-2.30,-0.14,-3.42
1966.00,1330.00,-2.35,-0.14,-3.28
134.00,5711.00,-2.35,-0.14,-3.29
4558.00,3742.00,-2.43,-0.14,-3.10
2295.00,5026.00,-2.34,-0.14,-3.30
4558.00,2660.00,-2.26,-0.14,-3.56
1809.00,2756.00,-2.29,-0.14,-3.48
2580.00,2713.00,-5.22,-0.14,-2.07
5362.00,4931.00,-2.62,-0.14,-2.82
4687.00,904.00,-2.36,-0.14,-3.29
2265.00,5062.00,-2.73,-0.14,-2.72
2876.00,287.00,-2.99,-0.14,-2.52
2172.00,2681.00,-2.17,-0.14,-4.09
4610.00,4705.00,-2.93,-0.14,-2.56
1333.00,1791.00,-2.35,-0.14,-3.35
4457.00,4681.00,-2.48,-0.14,-3.08
904.00,5212.00,-2.41,-0.14,-3.23
3758.00,1362.00,-2.76,-0.14,-2.72
4171.00,5479.00,-2.53,-0.14,-3.00
1564.00,4682.00,-2.32,-0.14,-3.49
1730.00,2095.00,-2.58,-0.14,-2.94
2690.00,2677.00,-3.36,-0.14,-2.36
4675.00,4457.00,-2.59,-0.14,-2.93
4171.00,203.00,-2.20,-0.14,-4.06
2350.00,2675.00,-4.38,-0.14,-2.16
2295.00,2896.00,-2.15,-0.14,-4.48
881.00,3743.00,-2.51,-0.14,-3.07
2157.00,24.00,-2.40,-0.14,-3.31
4558.00,5634.00,-2.23,-0.14,-3.96
424.00,1542.00,-2.33,-0.14,-3.54
2265.00,3568.00,-2.41,-0.14,-3.30
2876.00,1161.00,-2.45,-0.13,-3.23
345.00,3743.00,-3.31,-0.13,-2.41
4171.00,4586.00,-2.51,-0.13,-3.12
2265.00,3565.00,-2.42,-0.13,-3.30
34.00,4250.00,-2.34,-0.13,-3.52
4672.00,4426.00,-2.91,-0.13,-2.65
2265.00,3562.00,-2.42,-0.13,-3.31
3721.00,4518.00,-2.70,-0.13,-2.85
1385.00,2702.00,-2.41,-0.13,-3.35
4660.00,904.00,-2.37,-0.13,-3.47
308.00,1770.00,-2.25,-0.13,-3.95
2265.00,1351.00,-2.14,-0.13,-4.93
201.00,983.00,-2.58,-0.13,-3.01
1809.00,5711.00,-2.28,-0.13,-3.82
3756.00,1362.00,-2.78,-0.13,-2.77
4457.00,4678.00,-2.54,-0.13,-3.10
2044.00,3721.00,-2.23,-0.13,-4.10
4671.00,4457.00,-2.65,-0.13,-2.93
134.00,4405.00,-2.52,-0.13,-3.15
4675.00,4744.00,-3.10,-0.13,-2.55
2265.00,3257.00,-2.73,-0.13,-2.84
1486.00,1755.00,-3.30,-0.13,-2.45
4558.00,4889.00,-2.36,-0.13,-3.55
1333.00,2665.00,-2.55,-0.13,-3.10
4531.00,5874.00,-3.22,-0.13,-2.49
3987.00,5634.00,-2.23,-0.13,-4.20
957.00,831.00,-2.57,-0.13,-3.07
1395.00,3018.00,-2.73,-0.13,-2.87
2876.00,861.00,-2.96,-0.13,-2.65
4498.00,5511.00,-3.16,-0.13,-2.53
1809.00,2591.00,-2.56,-0.13,-3.10
2646.00,2016.00,-2.40,-0.13,-3.46
3721.00,2193.00,-2.38,-0.13,-3.55
709.00,1138.00,-2.53,-0.13,-3.17
2876.00,1538.00,-2.61,-0.13,-3.03
904.00,4728.00,-2.69,-0.13,-2.93
1845.00,1382.00,-2.33,-0.13,-3.72
3272.00,2897.00,-2.84,-0.13,-2.77
2066.00,2672.00,-2.43,-0.13,-3.42
134.00,203.00,-2.40,-0.13,-3.49
3526.00,5440.00,-3.41,-0.13,-2.43
2124.00,4990.00,-2.33,-0.13,-3.78
1809.00,5479.00,-2.67,-0.13,-2.97
1952.00,1382.00,-2.17,-0.13,-5.20
4870.00,4869.00,-4.87,-0.13,-2.18
2876.00,774.00,-2.46,-0.13,-3.37
4384.00,1097.00,-2.45,-0.13,-3.40
203.00,1770.00,-2.50,-0.13,-3.28
3718.00,4830.00,-3.44,-0.13,-2.43
3718.00,4409.00,-3.44,-0.13,-2.43
4171.00,5634.00,-2.27,-0.13,-4.16
1809.00,2621.00,-2.64,-0.13,-3.04
1809.00,2571.00,-2.52,-0.13,-3.26
2044.00,2043.00,-2.37,-0.13,-3.67
3987.00,5730.00,-2.45,-0.13,-3.43
2265.00,404.00,-2.24,-0.13,-4.43
4675.00,904.00,-2.36,-0.13,-3.73
4558.00,5159.00,-3.48,-0.13,-2.44
4558.00,5151.00,-3.48,-0.13,-2.44
4558.00,5335.00,-3.48,-0.13,-2.44
1809.00,4843.00,-2.45,-0.13,-3.46
1564.00,4679.00,-2.44,-0.13,-3.49
4457.00,4728.00,-3.50,-0.12,-2.44
1809.00,2717.00,-2.79,-0.12,-2.89
1809.00,5026.00,-2.49,-0.12,-3.36
2387.00,3551.00,-2.43,-0.12,-3.53
1351.00,1655.00,-2.30,-0.12,-4.07
2876.00,256.00,-2.53,-0.12,-3.29
663.00,1442.00,-3.35,-0.12,-2.50
2876.00,1321.00,-3.22,-0.12,-2.56
0.00,2095.00,-2.58,-0.12,-3.18
4171.00,3775.00,-2.34,-0.12,-3.89
4171.00,5730.00,-2.49,-0.12,-3.39
4558.00,5203.00,-2.61,-0.12,-3.15
1385.00,2699.00,-2.48,-0.12,-3.42
536.00,3743.00,-2.68,-0.12,-3.04
2690.00,2669.00,-3.20,-0.12,-2.58
3721.00,4898.00,-2.80,-0.12,-2.89
4653.00,4636.00,-3.17,-0.12,-2.60
4744.00,4675.00,-2.98,-0.12,-2.73
4384.00,358.00,-2.51,-0.12,-3.38
2876.00,756.00,-3.09,-0.12,-2.66
2350.00,2698.00,-3.29,-0.12,-2.55
2350.00,2699.00,-3.26,-0.12,-2.56
1809.00,2600.00,-2.59,-0.12,-3.22
4530.00,2044.00,-2.96,-0.12,-2.76
2377.00,3888.00,-3.07,-0.12,-2.68
4457.00,4680.00,-2.62,-0.12,-3.17
3272.00,2660.00,-2.80,-0.12,-2.91
360.00,2.00,-2.36,-0.12,-3.90
1385.00,2698.00,-2.51,-0.12,-3.41
1809.00,2114.00,-2.44,-0.12,-3.59
360.00,24.00,-2.27,-0.12,-4.50
4171.00,4889.00,-2.39,-0.12,-3.76
1385.00,2737.00,-3.19,-0.12,-2.62
2876.00,1344.00,-3.24,-0.12,-2.59
2066.00,2568.00,-2.54,-0.12,-3.34
3718.00,4289.00,-2.49,-0.12,-3.47
2876.00,199.00,-3.13,-0.12,-2.65
1734.00,5779.00,-2.97,-0.12,-2.77
904.00,4653.00,-2.35,-0.12,-3.95
2295.00,3272.00,-2.31,-0.12,-4.21
1564.00,4666.00,-2.46,-0.12,-3.57
2599.00,3743.00,-2.66,-0.12,-3.14
3814.00,4349.00,-3.10,-0.12,-2.69
3987.00,5638.00,-2.98,-0.12,-2.77
3987.00,5777.00,-2.98,-0.12,-2.77
3987.00,5299.00,-2.98,-0.12,-2.77
3987.00,5462.00,-2.98,-0.12,-2.77
1584.00,1852.00,-3.22,-0.12,-2.62
1051.00,2497.00,-2.84,-0.12,-2.91
4457.00,4682.00,-2.67,-0.12,-3.14
4671.00,904.00,-2.43,-0.12,-3.73
2876.00,781.00,-3.16,-0.12,-2.66
5634.00,5745.00,-3.50,-0.12,-2.51
2876.00,632.00,-2.93,-0.12,-2.84
1952.00,4074.00,-2.40,-0.12,-3.87
549.00,3743.00,-2.66,-0.12,-3.19
6.00,905.00,-2.85,-0.12,-2.92
4457.00,4732.00,-2.66,-0.12,-3.19
63.00,1142.00,-2.62,-0.12,-3.26
362.00,3743.00,-2.92,-0.12,-2.86
2265.00,3554.00,-2.58,-0.12,-3.34
2265.00,3556.00,-2.58,-0.12,-3.34
2265.00,3555.00,-2.58,-0.12,-3.35
2876.00,79.00,-2.92,-0.12,-2.87
2265.00,3552.00,-2.59,-0.12,-3.34
2265.00,3553.00,-2.59,-0.12,-3.34
2876.00,1367.00,-2.93,-0.12,-2.86
2027.00,2777.00,-2.54,-0.12,-3.46
1809.00,2620.00,-2.73,-0.12,-3.10
4196.00,4349.00,-2.59,-0.12,-3.35
2066.00,2628.00,-2.52,-0.12,-3.52
2164.00,2497.00,-3.16,-0.12,-2.69
394.00,4681.00,-2.66,-0.12,-3.23
2387.00,2897.00,-2.55,-0.12,-3.44
2876.00,576.00,-3.12,-0.12,-2.73
4665.00,2044.00,-2.55,-0.12,-3.48
2124.00,5020.00,-2.34,-0.12,-4.35
2876.00,165.00,-2.86,-0.12,-2.95
3721.00,134.00,-2.48,-0.12,-3.67
5185.00,5192.00,-3.39,-0.12,-2.59
4666.00,2044.00,-2.57,-0.12,-3.43
2876.00,837.00,-2.97,-0.11,-2.86
904.00,5194.00,-2.57,-0.11,-3.45
2066.00,2584.00,-2.58,-0.11,-3.42
2876.00,826.00,-3.06,-0.11,-2.79
3743.00,2027.00,-3.04,-0.11,-2.81
2292.00,1542.00,-2.65,-0.11,-3.29
2327.00,2560.00,-2.79,-0.11,-3.08
4243.00,5366.00,-3.13,-0.11,-2.75
3759.00,2027.00,-2.65,-0.11,-3.30
2124.00,4965.00,-2.43,-0.11,-3.94
3451.00,5575.00,-3.54,-0.11,-2.54
3721.00,2044.00,-2.42,-0.11,-4.03
1809.00,5634.00,-2.40,-0.11,-4.13
134.00,3024.00,-3.54,-0.11,-2.56
4106.00,4644.00,-2.54,-0.11,-3.61
1362.00,3192.00,-3.08,-0.11,-2.81
904.00,1752.00,-2.51,-0.11,-3.72
3721.00,2523.00,-2.72,-0.11,-3.23
2193.00,1382.00,-2.34,-0.11,-4.62
2876.00,996.00,-3.50,-0.11,-2.59
2172.00,2682.00,-2.50,-0.11,-3.75
731.00,3313.00,-3.80,-0.11,-2.49
2295.00,3409.00,-2.66,-0.11,-3.35
2350.00,2721.00,-4.47,-0.11,-2.37
3987.00,5718.00,-2.54,-0.11,-3.65
1351.00,1845.00,-2.48,-0.11,-3.88
394.00,4678.00,-2.72,-0.11,-3.25
2690.00,2573.00,-3.60,-0.11,-2.56
4457.00,4685.00,-2.78,-0.11,-3.17
769.00,983.00,-3.03,-0.11,-2.88
2062.00,2580.00,-2.70,-0.11,-3.30
134.00,1276.00,-2.84,-0.11,-3.09
4457.00,4747.00,-2.72,-0.11,-3.27
5237.00,5234.00,-5.34,-0.11,-2.31
4742.00,4750.00,-4.06,-0.11,-2.45
12.00,1752.00,-2.59,-0.11,-3.56
3098.00,5216.00,-3.53,-0.11,-2.61
1564.00,4665.00,-2.55,-0.11,-3.69
134.00,24.00,-2.45,-0.11,-4.11
1809.00,2597.00,-2.79,-0.11,-3.19
1333.00,3372.00,-3.39,-0.11,-2.67
1333.00,3375.00,-3.39,-0.11,-2.67
2523.00,1330.00,-3.31,-0.11,-2.72
2876.00,242.00,-2.96,-0.11,-2.99
2933.00,4852.00,-3.53,-0.11,-2.62
2933.00,4137.00,-3.53,-0.11,-2.62
360.00,1276.00,-2.65,-0.11,-3.46
63.00,1144.00,-2.76,-0.11,-3.25
1809.00,24.00,-2.38,-0.11,-4.65
2033.00,2260.00,-3.58,-0.11,-2.60
3758.00,2027.00,-2.75,-0.11,-3.27
4621.00,4653.00,-3.02,-0.11,-2.94
2690.00,2656.00,-3.46,-0.11,-2.66
4558.00,5239.00,-2.90,-0.11,-3.07
2295.00,3196.00,-2.59,-0.11,-3.64
4531.00,5242.00,-3.16,-0.11,-2.84
2876.00,852.00,-3.18,-0.11,-2.82
4162.00,4250.00,-3.57,-0.11,-2.62
2124.00,5215.00,-2.46,-0.11,-4.19
360.00,5552.00,-2.55,-0.11,-3.78
4489.00,4412.00,-3.90,-0.11,-2.52
2124.00,4613.00,-2.46,-0.11,-4.17
2027.00,2095.00,-2.87,-0.11,-3.13
5237.00,5238.00,-3.96,-0.11,-2.51
1362.00,2618.00,-4.12,-0.11,-2.48
1564.00,2689.00,-3.13,-0.11,-2.88
3706.00,61.00,-2.59,-0.11,-3.70
2387.00,2723.00,-2.70,-0.11,-3.42
1317.00,2896.00,-2.51,-0.10,-4.02
4457.00,4666.00,-2.82,-0.10,-3.22
308.00,1916.00,-2.86,-0.10,-3.16
1628.00,3743.00,-2.76,-0.10,-3.33
4898.00,61.00,-3.17,-0.10,-2.87
3648.00,4250.00,-2.62,-0.10,-3.67
3915.00,4349.00,-2.72,-0.10,-3.43
2933.00,5545.00,-3.54,-0.10,-2.67
2933.00,5775.00,-3.54,-0.10,-2.67
2933.00,5871.00,-3.54,-0.10,-2.67
2933.00,5460.00,-3.54,-0.10,-2.67
2933.00,3021.00,-3.54,-0.10,-2.67
2933.00,5873.00,-3.54,-0.10,-2.67
2933.00,3060.00,-3.54,-0.10,-2.67
2933.00,3166.00,-3.54,-0.10,-2.67
3756.00,2027.00,-2.78,-0.10,-3.32
2876.00,218.00,-3.00,-0.10,-3.04
2876.00,2134.00,-3.04,-0.10,-3.00
1904.00,3743.00,-3.31,-0.10,-2.79
3721.00,5653.00,-3.06,-0.10,-2.97
3803.00,5749.00,-3.35,-0.10,-2.77
1809.00,2700.00,-2.78,-0.10,-3.33
2387.00,2.00,-2.56,-0.10,-3.90
2523.00,1382.00,-2.52,-0.10,-4.10
3451.00,4534.00,-3.54,-0.10,-2.68
2876.00,529.00,-3.20,-0.10,-2.88
1809.00,2703.00,-2.80,-0.10,-3.32
1809.00,2704.00,-2.80,-0.10,-3.32
1315.00,3755.00,-2.67,-0.10,-3.58
4457.00,4687.00,-2.95,-0.10,-3.11
4531.00,5800.00,-2.54,-0.10,-4.02
4667.00,2044.00,-2.71,-0.10,-3.51
1809.00,5148.00,-3.82,-0.10,-2.59
2265.00,3258.00,-2.64,-0.10,-3.68
2876.00,461.00,-3.11,-0.10,-2.97
2876.00,633.00,-2.92,-0.10,-3.18
1395.00,2095.00,-2.73,-0.10,-3.51
4457.00,4736.00,-3.83,-0.10,-2.62
4665.00,3856.00,-3.97,-0.10,-2.58
4457.00,4654.00,-3.83,-0.10,-2.62
904.00,4660.00,-2.56,-0.10,-4.06
2387.00,3272.00,-2.55,-0.10,-4.13
4457.00,4706.00,-2.87,-0.10,-3.30
3987.00,5728.00,-2.71,-0.10,-3.63
2295.00,1542.00,-2.50,-0.10,-4.48
1743.00,1755.00,-3.44,-0.10,-2.80
63.00,471.00,-2.95,-0.10,-3.20
5369.00,5311.00,-3.65,-0.10,-2.71
1200.00,1442.00,-3.33,-0.10,-2.86
1584.00,1755.00,-3.48,-0.10,-2.78
4674.00,4738.00,-4.20,-0.10,-2.56
2876.00,385.00,-3.19,-0.10,-2.97
1809.00,4852.00,-3.80,-0.10,-2.66
1809.00,4137.00,-3.80,-0.10,-2.66
2876.00,1772.00,-3.66,-0.10,-2.71
2876.00,734.00,-3.33,-0.10,-2.88
4171.00,5728.00,-2.75,-0.10,-3.59
2876.00,787.00,-3.35,-0.10,-2.87
2027.00,3758.00,-2.69,-0.10,-3.76
4457.00,4668.00,-2.84,-0.10,-3.41
2265.00,1756.00,-2.63,-0.10,-3.97
134.00,2961.00,-2.96,-0.10,-3.23
4457.00,4674.00,-2.95,-0.10,-3.26
2876.00,1195.00,-3.40,-0.10,-2.86
3743.00,3787.00,-4.28,-0.10,-2.57
1809.00,2671.00,-2.75,-0.10,-3.62
1809.00,2991.00,-2.93,-0.09,-3.30
2350.00,2677.00,-3.63,-0.09,-2.75
3743.00,3790.00,-4.18,-0.09,-2.59
2657.00,2016.00,-2.85,-0.09,-3.44
4457.00,4665.00,-2.91,-0.09,-3.34
1564.00,4667.00,-2.72,-0.09,-3.73
360.00,3024.00,-3.33,-0.09,-2.92
1351.00,2660.00,-2.71,-0.09,-3.78
1315.00,3759.00,-2.76,-0.09,-3.64
2876.00,261.00,-3.42,-0.09,-2.87
3365.00,3377.00,-3.20,-0.09,-3.02
2027.00,3756.00,-2.70,-0.09,-3.80
1317.00,3472.00,-4.04,-0.09,-2.63
709.00,1144.00,-2.80,-0.09,-3.55
2876.00,442.00,-3.20,-0.09,-3.03
2066.00,2591.00,-2.84,-0.09,-3.48
904.00,4743.00,-2.66,-0.09,-3.93
4660.00,2044.00,-2.79,-0.09,-3.59
731.00,905.00,-3.86,-0.09,-2.69
1809.00,3196.00,-2.75,-0.09,-3.70
3373.00,3743.00,-3.63,-0.09,-2.78
904.00,2275.00,-3.29,-0.09,-2.98
1688.00,3743.00,-3.30,-0.09,-2.97
4457.00,4677.00,-2.97,-0.09,-3.30
1385.00,2705.00,-3.38,-0.09,-2.92
1385.00,2707.00,-3.38,-0.09,-2.92
2933.00,5874.00,-3.63,-0.09,-2.79
394.00,4685.00,-2.96,-0.09,-3.32
2066.00,2571.00,-2.80,-0.09,-3.63
2186.00,3743.00,-3.68,-0.09,-2.78
2876.00,930.00,-3.45,-0.09,-2.89
4457.00,4683.00,-3.05,-0.09,-3.23
2066.00,2621.00,-2.92,-0.09,-3.41
4660.00,4738.00,-4.27,-0.09,-2.62
3648.00,4644.00,-2.65,-0.09,-4.16
1362.00,2897.00,-3.06,-0.09,-3.23
4531.00,4555.00,-3.56,-0.09,-2.85
4674.00,4750.00,-4.27,-0.09,-2.63
5524.00,5820.00,-4.23,-0.09,-2.64
2261.00,3743.00,-3.33,-0.09,-3.00
1564.00,4653.00,-2.77,-0.09,-3.78
134.00,4274.00,-3.83,-0.09,-2.75
4558.00,61.00,-2.70,-0.09,-4.00
4856.00,4999.00,-3.94,-0.09,-2.71
728.00,1307.00,-3.65,-0.09,-2.82
2124.00,5230.00,-2.64,-0.09,-4.28
1315.00,3756.00,-2.84,-0.09,-3.63
1385.00,2677.00,-2.85,-0.09,-3.60
3451.00,5395.00,-3.45,-0.09,-2.94
5362.00,5478.00,-3.13,-0.09,-3.19
5237.00,5236.00,-4.69,-0.09,-2.59
3987.00,4811.00,-2.83,-0.09,-3.68
2066.00,2600.00,-2.86,-0.09,-3.59
2933.00,2089.00,-2.69,-0.09,-4.11
3706.00,1382.00,-2.56,-0.09,-5.02
1362.00,4405.00,-3.04,-0.09,-3.31
1362.00,2700.00,-3.40,-0.09,-2.98
2295.00,3435.00,-2.83,-0.09,-3.69
134.00,1542.00,-2.72,-0.09,-4.01
4457.00,4671.00,-2.94,-0.09,-3.47
3721.00,5560.00,-3.98,-0.09,-2.73
3896.00,4869.00,-2.99,-0.09,-3.40
2265.00,1206.00,-2.76,-0.09,-3.89
2646.00,3755.00,-2.79,-0.09,-3.80
1809.00,2622.00,-2.98,-0.09,-3.42
2027.00,3377.00,-3.03,-0.09,-3.36
2876.00,629.00,-2.93,-0.09,-3.54
3718.00,4543.00,-3.78,-0.09,-2.82
3743.00,3785.00,-4.58,-0.09,-2.63
5362.00,5482.00,-3.20,-0.09,-3.18
1017.00,2497.00,-2.72,-0.09,-4.12
4660.00,3856.00,-4.22,-0.09,-2.70
3987.00,61.00,-2.70,-0.09,-4.24
394.00,4687.00,-3.13,-0.09,-3.27
2124.00,5311.00,-2.57,-0.09,-5.33
3451.00,5196.00,-3.17,-0.08,-3.24
2876.00,1027.00,-3.46,-0.08,-3.00
1362.00,2701.00,-3.31,-0.08,-3.11
4750.00,4747.00,-3.89,-0.08,-2.80
360.00,61.00,-2.76,-0.08,-4.02
1362.00,2991.00,-3.55,-0.08,-2.95
2124.00,4966.00,-3.15,-0.08,-3.27
2124.00,5429.00,-3.15,-0.08,-3.27
2124.00,5341.00,-3.15,-0.08,-3.27
2124.00,4913.00,-3.15,-0.08,-3.27
2124.00,5229.00,-3.15,-0.08,-3.27
2124.00,5081.00,-3.15,-0.08,-3.27
2124.00,5110.00,-3.15,-0.08,-3.27
2124.00,5208.00,-3.15,-0.08,-3.27
2124.00,5332.00,-3.15,-0.08,-3.27
2124.00,5107.00,-3.15,-0.08,-3.27
2124.00,5330.00,-3.15,-0.08,-3.27
2124.00,4912.00,-3.15,-0.08,-3.27
2124.00,5232.00,-3.15,-0.08,-3.27
2124.00,4910.00,-3.15,-0.08,-3.27
2124.00,5169.00,-3.15,-0.08,-3.27
2124.00,5168.00,-3.15,-0.08,-3.27
2124.00,5302.00,-3.15,-0.08,-3.27
2124.00,5224.00,-3.15,-0.08,-3.27
2124.00,5166.00,-3.15,-0.08,-3.27
2124.00,5406.00,-3.15,-0.08,-3.27
2124.00,5272.00,-3.15,-0.08,-3.27
2124.00,5082.00,-3.15,-0.08,-3.27
2124.00,5384.00,-3.15,-0.08,-3.27
2124.00,5221.00,-3.15,-0.08,-3.27
2124.00,5331.00,-3.15,-0.08,-3.27
2124.00,5113.00,-3.15,-0.08,-3.27
2124.00,5312.00,-3.15,-0.08,-3.27
2124.00,5386.00,-3.15,-0.08,-3.27
2124.00,5112.00,-3.15,-0.08,-3.27
2124.00,5387.00,-3.15,-0.08,-3.27
2124.00,5323.00,-3.15,-0.08,-3.27
2124.00,5180.00,-3.15,-0.08,-3.27
2124.00,5109.00,-3.15,-0.08,-3.27
2124.00,5222.00,-3.15,-0.08,-3.27
2124.00,5328.00,-3.15,-0.08,-3.27
2124.00,5400.00,-3.15,-0.08,-3.27
2124.00,5318.00,-3.15,-0.08,-3.27
2124.00,5385.00,-3.15,-0.08,-3.27
2124.00,5170.00,-3.15,-0.08,-3.27
2124.00,5372.00,-3.15,-0.08,-3.27
2124.00,5353.00,-3.15,-0.08,-3.27
2124.00,5276.00,-3.15,-0.08,-3.27
2124.00,4908.00,-3.15,-0.08,-3.27
2124.00,5356.00,-3.15,-0.08,-3.27
2124.00,5466.00,-3.15,-0.08,-3.27
2124.00,5435.00,-3.15,-0.08,-3.27
2124.00,5404.00,-3.15,-0.08,-3.27
2124.00,5173.00,-3.15,-0.08,-3.27
2124.00,5181.00,-3.15,-0.08,-3.27
2124.00,5342.00,-3.15,-0.08,-3.27
2124.00,5381.00,-3.15,-0.08,-3.27
2124.00,5147.00,-3.15,-0.08,-3.27
2124.00,5261.00,-3.15,-0.08,-3.27
2124.00,5294.00,-3.15,-0.08,-3.27
2124.00,4911.00,-3.15,-0.08,-3.27
2124.00,5288.00,-3.15,-0.08,-3.27
2124.00,5348.00,-3.15,-0.08,-3.27
2124.00,5313.00,-3.15,-0.08,-3.27
2124.00,5349.00,-3.15,-0.08,-3.27
2124.00,5391.00,-3.15,-0.08,-3.27
2124.00,5172.00,-3.15,-0.08,-3.27
2124.00,5334.00,-3.15,-0.08,-3.27
2124.00,5189.00,-3.15,-0.08,-3.27
2124.00,5336.00,-3.15,-0.08,-3.27
2124.00,4765.00,-3.15,-0.08,-3.27
2124.00,5319.00,-3.15,-0.08,-3.27
2124.00,5360.00,-3.15,-0.08,-3.27
2124.00,5160.00,-3.15,-0.08,-3.27
2124.00,4909.00,-3.15,-0.08,-3.27
2124.00,5290.00,-3.15,-0.08,-3.27
2124.00,5171.00,-3.15,-0.08,-3.27
2124.00,5324.00,-3.15,-0.08,-3.27
2124.00,5379.00,-3.15,-0.08,-3.27
2124.00,5275.00,-3.15,-0.08,-3.27
2124.00,5401.00,-3.15,-0.08,-3.27
2124.00,5165.00,-3.15,-0.08,-3.27
2124.00,5108.00,-3.15,-0.08,-3.27
2124.00,5388.00,-3.15,-0.08,-3.27
2124.00,5106.00,-3.15,-0.08,-3.27
2124.00,5368.00,-3.15,-0.08,-3.27
2124.00,5269.00,-3.15,-0.08,-3.27
2124.00,5329.00,-3.15,-0.08,-3.27
2124.00,5115.00,-3.15,-0.08,-3.27
2124.00,5105.00,-3.15,-0.08,-3.27
2124.00,5394.00,-3.15,-0.08,-3.27
2124.00,5325.00,-3.15,-0.08,-3.27
2124.00,5153.00,-3.15,-0.08,-3.27
2124.00,5340.00,-3.15,-0.08,-3.27
2124.00,5430.00,-3.15,-0.08,-3.27
2124.00,5175.00,-3.15,-0.08,-3.27
2124.00,5327.00,-3.15,-0.08,-3.27
2124.00,5209.00,-3.15,-0.08,-3.27
2124.00,5399.00,-3.15,-0.08,-3.27
1809.00,2548.00,-3.62,-0.08,-2.92
1809.00,2616.00,-3.63,-0.08,-2.91
4384.00,1153.00,-2.99,-0.08,-3.50
1809.00,2596.00,-3.62,-0.08,-2.92
2124.00,4964.00,-2.62,-0.08,-4.82
2124.00,4602.00,-2.65,-0.08,-4.58
2876.00,373.00,-3.37,-0.08,-3.08
1385.00,2675.00,-3.54,-0.08,-2.97
1017.00,983.00,-2.92,-0.08,-3.64
3896.00,4644.00,-2.72,-0.08,-4.26
2066.00,2620.00,-3.01,-0.08,-3.47
2876.00,741.00,-3.32,-0.08,-3.13
4457.00,4667.00,-3.08,-0.08,-3.38
4558.00,5543.00,-3.10,-0.08,-3.36
3759.00,3794.00,-3.69,-0.08,-2.91
1317.00,4491.00,-4.35,-0.08,-2.71
1362.00,203.00,-2.93,-0.08,-3.65
1884.00,3743.00,-3.37,-0.08,-3.10
2847.00,2867.00,-3.44,-0.08,-3.05
1564.00,2016.00,-2.83,-0.08,-3.90
3743.00,3788.00,-4.56,-0.08,-2.68
1317.00,3435.00,-3.21,-0.08,-3.25
2933.00,5543.00,-3.02,-0.08,-3.50
4671.00,2044.00,-2.85,-0.08,-3.86
2876.00,1702.00,-3.84,-0.08,-2.86
394.00,2479.00,-4.15,-0.08,-2.77
2066.00,2504.00,-2.81,-0.08,-4.01
2387.00,3559.00,-3.81,-0.08,-2.88
3648.00,4349.00,-2.84,-0.08,-3.91
3987.00,5729.00,-2.84,-0.08,-3.90
544.00,1330.00,-3.07,-0.08,-3.44
3758.00,3794.00,-3.80,-0.08,-2.89
4514.00,4644.00,-2.86,-0.08,-3.86
3450.00,4597.00,-3.27,-0.08,-3.22
3718.00,4491.00,-3.88,-0.08,-2.86
2876.00,74.00,-3.58,-0.08,-3.00
4457.00,4742.00,-3.11,-0.08,-3.41
1270.00,3313.00,-4.04,-0.08,-2.81
1947.00,3755.00,-2.96,-0.08,-3.65
12.00,5717.00,-3.47,-0.08,-3.07
2646.00,3759.00,-2.88,-0.08,-3.86
1362.00,2513.00,-3.54,-0.08,-3.04
4924.00,2497.00,-3.18,-0.08,-3.34
2876.00,2870.00,-3.59,-0.08,-3.01
4171.00,5729.00,-2.88,-0.08,-3.87
394.00,4674.00,-3.13,-0.08,-3.41
2933.00,4680.00,-2.78,-0.08,-4.26
3856.00,4665.00,-3.93,-0.08,-2.87
1809.00,2740.00,-3.11,-0.08,-3.45
4750.00,4706.00,-4.05,-0.08,-2.83
4457.00,4653.00,-3.13,-0.08,-3.43
1814.00,4681.00,-2.90,-0.08,-3.86
134.00,2089.00,-3.02,-0.08,-3.61
2066.00,24.00,-2.67,-0.08,-5.03
4457.00,4675.00,-3.04,-0.08,-3.59
1809.00,2570.00,-3.00,-0.08,-3.65
445.00,3743.00,-3.29,-0.08,-3.26
269.00,3759.00,-2.96,-0.08,-3.75
2876.00,272.00,-3.08,-0.08,-3.53
1809.00,2670.00,-2.97,-0.08,-3.74
1351.00,869.00,-3.11,-0.08,-3.50
2646.00,3758.00,-2.95,-0.08,-3.80
1898.00,1955.00,-3.14,-0.08,-3.46
2066.00,2597.00,-3.07,-0.08,-3.57
3743.00,3786.00,-4.78,-0.08,-2.71
3718.00,4555.00,-4.01,-0.08,-2.88
1809.00,4790.00,-3.09,-0.08,-3.54
1689.00,1852.00,-4.14,-0.08,-2.84
1809.00,2515.00,-3.07,-0.08,-3.60
1809.00,3435.00,-2.98,-0.08,-3.76
1669.00,3743.00,-3.17,-0.08,-3.44
2295.00,4431.00,-3.21,-0.08,-3.40
2634.00,2880.00,-3.56,-0.08,-3.10
2292.00,1382.00,-2.83,-0.08,-4.24
2876.00,501.00,-3.41,-0.08,-3.21
3112.00,3743.00,-3.40,-0.08,-3.22
2124.00,5304.00,-3.24,-0.08,-3.37
3597.00,2497.00,-2.88,-0.08,-4.06
2646.00,3756.00,-2.96,-0.08,-3.85
2933.00,5470.00,-2.92,-0.08,-3.94
394.00,4672.00,-3.14,-0.08,-3.52
2876.00,560.00,-3.54,-0.08,-3.12
4531.00,3383.00,-3.42,-0.08,-3.22
34.00,1392.00,-3.51,-0.08,-3.15
2350.00,2573.00,-3.88,-0.08,-2.96
3759.00,3792.00,-3.85,-0.08,-2.98
2066.00,3784.00,-3.33,-0.07,-3.31
1814.00,4678.00,-2.97,-0.07,-3.88
4558.00,5470.00,-3.00,-0.07,-3.80
360.00,5152.00,-3.67,-0.07,-3.07
269.00,3756.00,-3.04,-0.07,-3.73
2295.00,1382.00,-2.70,-0.07,-5.44
308.00,1752.00,-3.17,-0.07,-3.51
3803.00,5395.00,-3.55,-0.07,-3.14
1351.00,5484.00,-3.57,-0.07,-3.14
1385.00,2656.00,-2.96,-0.07,-3.91
2295.00,2681.00,-2.85,-0.07,-4.31
1809.00,2702.00,-3.10,-0.07,-3.64
3758.00,3792.00,-3.96,-0.07,-2.96
1809.00,2565.00,-3.13,-0.07,-3.59
2265.00,2786.00,-3.14,-0.07,-3.58
1809.00,4681.00,-2.89,-0.07,-4.20
2387.00,3472.00,-3.90,-0.07,-2.99
1809.00,2668.00,-3.05,-0.07,-3.76
4856.00,4869.00,-4.04,-0.07,-2.94
2265.00,3002.00,-2.98,-0.07,-3.96
3759.00,3790.00,-3.77,-0.07,-3.06
2876.00,197.00,-3.08,-0.07,-3.73
3718.00,4534.00,-3.87,-0.07,-3.02
2876.00,653.00,-3.54,-0.07,-3.21
4671.00,4738.00,-4.33,-0.07,-2.88
2124.00,5026.00,-2.80,-0.07,-4.81
2265.00,3561.00,-2.96,-0.07,-4.05
3856.00,4671.00,-3.96,-0.07,-3.00
1527.00,4349.00,-3.32,-0.07,-3.41
2027.00,2497.00,-3.06,-0.07,-3.82
2295.00,4274.00,-3.59,-0.07,-3.19
480.00,4543.00,-4.06,-0.07,-2.97
3755.00,3792.00,-3.85,-0.07,-3.05
2933.00,4747.00,-2.88,-0.07,-4.37
1947.00,3756.00,-3.13,-0.07,-3.70
3758.00,3790.00,-3.88,-0.07,-3.04
3987.00,4074.00,-2.91,-0.07,-4.25
1809.00,2089.00,-2.95,-0.07,-4.14
3758.00,3787.00,-3.97,-0.07,-3.01
4634.00,4644.00,-2.99,-0.07,-4.02
2876.00,922.00,-3.29,-0.07,-3.48
3756.00,3792.00,-3.98,-0.07,-3.01
1351.00,1718.00,-3.07,-0.07,-3.84
2350.00,2880.00,-4.91,-0.07,-2.81
308.00,1142.00,-3.14,-0.07,-3.72
2641.00,3743.00,-3.07,-0.07,-3.85
1385.00,2573.00,-3.10,-0.07,-3.81
3759.00,3791.00,-3.87,-0.07,-3.07
1385.00,2721.00,-3.65,-0.07,-3.19
3987.00,5470.00,-3.00,-0.07,-4.04
1362.00,3272.00,-3.06,-0.07,-3.91
2933.00,4685.00,-2.94,-0.07,-4.26
1809.00,2638.00,-3.27,-0.07,-3.53
394.00,4667.00,-3.27,-0.07,-3.54
1809.00,4678.00,-2.95,-0.07,-4.22
1385.00,2016.00,-2.91,-0.07,-4.39
3755.00,3790.00,-3.78,-0.07,-3.13
1814.00,4680.00,-3.05,-0.07,-3.95
2295.00,3181.00,-2.99,-0.07,-4.12
4384.00,5484.00,-3.83,-0.07,-3.10
2066.00,2885.00,-3.41,-0.07,-3.39
2172.00,2683.00,-2.95,-0.07,-4.26
4558.00,4747.00,-2.96,-0.07,-4.22
1809.00,3472.00,-3.80,-0.07,-3.12
1809.00,2602.00,-3.22,-0.07,-3.63
2066.00,2671.00,-3.04,-0.07,-4.00
2124.00,2250.00,-2.99,-0.07,-4.15
3755.00,3787.00,-3.87,-0.07,-3.10
2876.00,1331.00,-3.63,-0.07,-3.24
4750.00,4742.00,-4.29,-0.07,-2.95
1801.00,3743.00,-3.30,-0.07,-3.55
1362.00,4274.00,-4.38,-0.07,-2.93
360.00,5575.00,-3.97,-0.07,-3.06
904.00,1852.00,-3.57,-0.07,-3.28
4558.00,5199.00,-3.08,-0.07,-3.92
4666.00,4728.00,-5.24,-0.07,-2.81
4671.00,3856.00,-4.28,-0.07,-2.96
2066.00,3785.00,-3.01,-0.07,-4.11
2387.00,5749.00,-3.90,-0.07,-3.10
3756.00,3787.00,-4.00,-0.07,-3.06
1809.00,2698.00,-3.21,-0.07,-3.70
2066.00,3788.00,-3.00,-0.07,-4.16
2124.00,4987.00,-2.83,-0.07,-5.19
1814.00,4682.00,-3.10,-0.07,-3.92
1017.00,3743.00,-3.08,-0.07,-4.00
2876.00,578.00,-3.64,-0.07,-3.27
4457.00,4743.00,-3.45,-0.07,-3.42
1814.00,4732.00,-3.09,-0.07,-3.97
3786.00,4681.00,-3.73,-0.07,-3.21
3789.00,4681.00,-3.78,-0.07,-3.19
2876.00,386.00,-3.56,-0.07,-3.34
3755.00,3791.00,-3.88,-0.07,-3.14
2265.00,2814.00,-3.13,-0.07,-3.89
4457.00,4660.00,-3.35,-0.07,-3.55
2044.00,5204.00,-4.00,-0.07,-3.09
2044.00,5163.00,-4.00,-0.07,-3.09
2066.00,2513.00,-3.21,-0.07,-3.77
4790.00,4697.00,-4.90,-0.07,-2.88
1362.00,2961.00,-3.50,-0.07,-3.40
2172.00,2275.00,-3.65,-0.07,-3.29
2124.00,4586.00,-2.95,-0.07,-4.53
3756.00,3791.00,-4.01,-0.07,-3.10
4665.00,4728.00,-5.21,-0.07,-2.85
1809.00,5366.00,-3.15,-0.07,-3.90
4558.00,5236.00,-3.27,-0.07,-3.68
2265.00,3107.00,-3.85,-0.06,-3.18
2265.00,2952.00,-3.85,-0.06,-3.18
2265.00,2862.00,-3.85,-0.06,-3.18
2265.00,3431.00,-3.85,-0.06,-3.18
2265.00,3618.00,-3.85,-0.06,-3.18
2265.00,3108.00,-3.85,-0.06,-3.18
2265.00,3557.00,-3.85,-0.06,-3.18
2066.00,3793.00,-3.06,-0.06,-4.15
3464.00,4349.00,-3.34,-0.06,-3.60
2265.00,3564.00,-3.85,-0.06,-3.18
5362.00,5380.00,-4.45,-0.06,-2.98
5362.00,5393.00,-4.45,-0.06,-2.98
5362.00,5373.00,-4.45,-0.06,-2.98
5362.00,5375.00,-4.45,-0.06,-2.98
5362.00,5376.00,-4.45,-0.06,-2.98
134.00,2682.00,-3.42,-0.06,-3.53
2933.00,5913.00,-3.96,-0.06,-3.15
308.00,1144.00,-3.28,-0.06,-3.72
3786.00,4678.00,-3.80,-0.06,-3.24
1809.00,4680.00,-3.03,-0.06,-4.30
3987.00,5383.00,-3.08,-0.06,-4.16
5198.00,5197.00,-4.82,-0.06,-2.93
2387.00,5575.00,-4.19,-0.06,-3.08
4171.00,1534.00,-3.16,-0.06,-3.98
3759.00,3785.00,-4.17,-0.06,-3.09
4750.00,4743.00,-4.65,-0.06,-2.97
5362.00,5470.00,-3.48,-0.06,-3.51
2933.00,4706.00,-3.03,-0.06,-4.40
4668.00,4745.00,-4.19,-0.06,-3.10
3758.00,3785.00,-4.27,-0.06,-3.07
2066.00,2622.00,-3.27,-0.06,-3.81
4667.00,4728.00,-5.38,-0.06,-2.89
2265.00,3462.00,-3.05,-0.06,-4.39
1809.00,5470.00,-3.18,-0.06,-3.98
2265.00,2886.00,-3.78,-0.06,-3.30
4621.00,4530.00,-4.37,-0.06,-3.05
1809.00,2693.00,-4.03,-0.06,-3.17
2044.00,2878.00,-3.31,-0.06,-3.77
1809.00,4682.00,-3.09,-0.06,-4.26
2066.00,2228.00,-3.19,-0.06,-4.01
1333.00,3759.00,-3.07,-0.06,-4.36
1814.00,4679.00,-3.24,-0.06,-3.92
3759.00,3788.00,-4.15,-0.06,-3.14
3785.00,4681.00,-3.77,-0.06,-3.33
3759.00,3793.00,-4.21,-0.06,-3.13
4558.00,4687.00,-3.18,-0.06,-4.07
1809.00,2539.00,-3.13,-0.06,-4.22
1385.00,2366.00,-3.73,-0.06,-3.37
3856.00,4660.00,-4.38,-0.06,-3.08
2876.00,2920.00,-5.32,-0.06,-2.93
5362.00,5483.00,-3.67,-0.06,-3.42
1809.00,3181.00,-3.14,-0.06,-4.19
3758.00,3788.00,-4.26,-0.06,-3.12
3759.00,3789.00,-4.36,-0.06,-3.09
2933.00,3370.00,-3.91,-0.06,-3.27
3758.00,3793.00,-4.32,-0.06,-3.11
904.00,4644.00,-3.07,-0.06,-4.47
1315.00,3743.00,-3.56,-0.06,-3.53
3017.00,3743.00,-3.31,-0.06,-3.86
3758.00,3789.00,-4.47,-0.06,-3.07
3755.00,3785.00,-4.17,-0.06,-3.17
12.00,2260.00,-3.84,-0.06,-3.32
2933.00,4674.00,-3.11,-0.06,-4.35
3756.00,3785.00,-4.30,-0.06,-3.13
2027.00,3743.00,-3.42,-0.06,-3.70
2066.00,3789.00,-3.20,-0.06,-4.11
3789.00,4680.00,-3.93,-0.06,-3.29
3786.00,4682.00,-3.94,-0.06,-3.28
1351.00,61.00,-3.16,-0.06,-4.23
2066.00,2548.00,-3.91,-0.06,-3.30
2066.00,2616.00,-3.92,-0.06,-3.30
1809.00,2547.00,-3.38,-0.06,-3.78
2295.00,4534.00,-3.94,-0.06,-3.29
3803.00,2016.00,-3.17,-0.06,-4.22
2066.00,2596.00,-3.91,-0.06,-3.30
1362.00,2699.00,-3.80,-0.06,-3.37
2657.00,3759.00,-3.34,-0.06,-3.85
3785.00,4678.00,-3.84,-0.06,-3.35
1814.00,4666.00,-3.26,-0.06,-4.00
4171.00,5114.00,-3.27,-0.06,-4.00
1351.00,5753.00,-3.79,-0.06,-3.40
2124.00,4745.00,-3.01,-0.06,-5.00
3755.00,3788.00,-4.16,-0.06,-3.21
5198.00,5192.00,-4.86,-0.06,-3.04
3756.00,3788.00,-4.29,-0.06,-3.17
3755.00,3793.00,-4.21,-0.06,-3.20
5362.00,5377.00,-4.55,-0.06,-3.10
5362.00,5374.00,-4.55,-0.06,-3.10
3789.00,4732.00,-3.97,-0.06,-3.31
424.00,471.00,-3.69,-0.06,-3.49
2066.00,3786.00,-3.21,-0.06,-4.19
3756.00,3793.00,-4.35,-0.06,-3.16
3721.00,5718.00,-3.84,-0.06,-3.39
4660.00,4728.00,-5.47,-0.06,-2.98
3793.00,4681.00,-3.84,-0.06,-3.40
5362.00,5199.00,-3.56,-0.06,-3.63
2066.00,2570.00,-3.29,-0.06,-4.04
3789.00,4679.00,-4.12,-0.06,-3.26
3786.00,4679.00,-4.07,-0.06,-3.28
2066.00,2670.00,-3.26,-0.06,-4.13
1809.00,4685.00,-3.20,-0.06,-4.30
4839.00,5216.00,-4.22,-0.06,-3.23
2657.00,3756.00,-3.42,-0.06,-3.84
3987.00,5345.00,-4.03,-0.06,-3.32
2933.00,5685.00,-4.15,-0.06,-3.26
1809.00,4679.00,-3.22,-0.06,-4.26
3789.00,4685.00,-4.10,-0.06,-3.29
2265.00,3340.00,-3.12,-0.06,-4.62
2124.00,5203.00,-3.09,-0.06,-4.78
1814.00,4676.00,-3.31,-0.06,-4.07
3786.00,4685.00,-4.05,-0.06,-3.32
4171.00,4707.00,-3.33,-0.06,-4.02
5227.00,5216.00,-4.74,-0.05,-3.11
1814.00,4706.00,-3.31,-0.05,-4.09
904.00,1755.00,-3.84,-0.05,-3.45
3788.00,4678.00,-3.86,-0.05,-3.44
3789.00,4687.00,-4.27,-0.05,-3.25
1809.00,5800.00,-3.21,-0.05,-4.37
3793.00,4678.00,-3.91,-0.05,-3.42
3786.00,4687.00,-4.22,-0.05,-3.27
4558.00,5196.00,-3.55,-0.05,-3.74
1814.00,4668.00,-3.29,-0.05,-4.20
2265.00,779.00,-3.28,-0.05,-4.23
3785.00,4680.00,-3.92,-0.05,-3.43
1809.00,1916.00,-3.40,-0.05,-3.98
360.00,5395.00,-3.89,-0.05,-3.46
3721.00,5753.00,-4.65,-0.05,-3.17
3755.00,3786.00,-4.37,-0.05,-3.25
3756.00,3786.00,-4.50,-0.05,-3.21
2124.00,5238.00,-3.08,-0.05,-5.27
3987.00,5742.00,-3.88,-0.05,-3.49
134.00,2679.00,-3.61,-0.05,-3.72
3789.00,4666.00,-4.14,-0.05,-3.34
1814.00,4674.00,-3.39,-0.05,-4.05
3787.00,4681.00,-3.81,-0.05,-3.54
1395.00,1955.00,-3.42,-0.05,-3.99
2066.00,2668.00,-3.34,-0.05,-4.16
2933.00,5065.00,-3.99,-0.05,-3.42
2066.00,2565.00,-3.43,-0.05,-3.98
1814.00,4665.00,-3.35,-0.05,-4.13
3785.00,4732.00,-3.96,-0.05,-3.45
3792.00,4681.00,-3.85,-0.05,-3.54
2933.00,4667.00,-3.25,-0.05,-4.48
3790.00,4681.00,-3.76,-0.05,-3.62
2396.00,3743.00,-3.68,-0.05,-3.70
2327.00,2497.00,-3.64,-0.05,-3.76
3794.00,4681.00,-3.82,-0.05,-3.59
1814.00,4677.00,-3.42,-0.05,-4.10
2295.00,2679.00,-3.38,-0.05,-4.18
269.00,3743.00,-3.76,-0.05,-3.64
1814.00,4672.00,-3.40,-0.05,-4.15
1809.00,2665.00,-3.59,-0.05,-3.84
3787.00,4678.00,-3.87,-0.05,-3.57
3785.00,4685.00,-4.09,-0.05,-3.43
1809.00,4706.00,-3.30,-0.05,-4.44
3788.00,4682.00,-4.00,-0.05,-3.49
3793.00,4680.00,-3.99,-0.05,-3.50
3718.00,4501.00,-4.37,-0.05,-3.33
1809.00,2669.00,-3.42,-0.05,-4.14
2124.00,5478.00,-3.16,-0.05,-5.13
2646.00,3743.00,-3.69,-0.05,-3.76
3792.00,4678.00,-3.91,-0.05,-3.56
1809.00,2064.00,-4.30,-0.05,-3.36
3789.00,4676.00,-4.19,-0.05,-3.41
3786.00,4676.00,-4.14,-0.05,-3.43
3791.00,4681.00,-3.85,-0.05,-3.62
1814.00,4683.00,-3.50,-0.05,-4.02
1947.00,3743.00,-3.86,-0.05,-3.61
2265.00,3497.00,-4.20,-0.05,-3.41
2066.00,2638.00,-3.57,-0.05,-3.93
3785.00,4687.00,-4.26,-0.05,-3.39
1814.00,4671.00,-3.39,-0.05,-4.26
3790.00,4678.00,-3.83,-0.05,-3.65
4384.00,61.00,-3.42,-0.05,-4.19
3789.00,4674.00,-4.27,-0.05,-3.39
2066.00,2602.00,-3.51,-0.05,-4.02
3794.00,4678.00,-3.89,-0.05,-3.61
3789.00,4706.00,-4.19,-0.05,-3.43
3788.00,4732.00,-3.99,-0.05,-3.54
1351.00,1382.00,-3.13,-0.05,-5.56
2387.00,2689.00,-4.02,-0.05,-3.53
3793.00,4732.00,-4.03,-0.05,-3.52
4171.00,5395.00,-3.86,-0.05,-3.64
214.00,3743.00,-3.71,-0.05,-3.79
3789.00,4683.00,-4.38,-0.05,-3.36
360.00,2867.00,-3.61,-0.05,-3.92
3786.00,4683.00,-4.34,-0.05,-3.39
1809.00,5610.00,-4.14,-0.05,-3.48
1809.00,4674.00,-3.37,-0.05,-4.39
2251.00,3018.00,-4.49,-0.05,-3.34
3451.00,4869.00,-4.01,-0.05,-3.57
3450.00,5035.00,-4.05,-0.05,-3.54
3788.00,4679.00,-4.14,-0.05,-3.49
3793.00,4679.00,-4.18,-0.05,-3.47
2066.00,2423.00,-3.87,-0.05,-3.67
3791.00,4678.00,-3.91,-0.05,-3.64
3789.00,4677.00,-4.30,-0.05,-3.44
2124.00,5482.00,-3.22,-0.05,-5.12
3793.00,4685.00,-4.16,-0.05,-3.50
3789.00,4665.00,-4.23,-0.05,-3.47
1936.00,1955.00,-4.44,-0.05,-3.39
12.00,2497.00,-3.43,-0.05,-4.33
1809.00,4677.00,-3.40,-0.05,-4.44
3787.00,4682.00,-4.01,-0.05,-3.61
2834.00,3743.00,-3.82,-0.05,-3.77
5507.00,2497.00,-3.87,-0.05,-3.73
3792.00,4680.00,-4.00,-0.05,-3.64
3786.00,4668.00,-4.12,-0.05,-3.56
3789.00,4668.00,-4.17,-0.05,-3.54
1814.00,4667.00,-3.53,-0.05,-4.18
3793.00,4687.00,-4.33,-0.05,-3.46
3788.00,4687.00,-4.29,-0.05,-3.48
3789.00,4672.00,-4.28,-0.05,-3.49
2044.00,5483.00,-3.56,-0.05,-4.15
2044.00,5199.00,-3.46,-0.05,-4.36
1809.00,4671.00,-3.38,-0.05,-4.61
3790.00,4680.00,-3.91,-0.05,-3.72
341.00,2497.00,-3.98,-0.05,-3.67
2124.00,61.00,-3.21,-0.05,-5.65
3785.00,4676.00,-4.18,-0.05,-3.55
3787.00,4732.00,-4.00,-0.04,-3.66
3794.00,4680.00,-3.97,-0.04,-3.69
480.00,2969.00,-4.57,-0.04,-3.40
2933.00,4325.00,-4.24,-0.04,-3.53
3790.00,4682.00,-3.97,-0.04,-3.69
4558.00,5200.00,-3.66,-0.04,-4.03
3794.00,4682.00,-4.03,-0.04,-3.66
2657.00,2497.00,-3.79,-0.04,-3.86
1814.00,4742.00,-3.55,-0.04,-4.21
3793.00,4666.00,-4.21,-0.04,-3.56
1809.00,4683.00,-3.48,-0.04,-4.36
3792.00,4732.00,-4.04,-0.04,-3.66
2387.00,1330.00,-3.72,-0.04,-3.96
3785.00,4706.00,-4.19,-0.04,-3.57
904.00,4530.00,-3.68,-0.04,-4.03
1814.00,4675.00,-3.49,-0.04,-4.39
2265.00,2544.00,-3.59,-0.04,-4.18
2265.00,2540.00,-3.59,-0.04,-4.18
4457.00,4746.00,-4.65,-0.04,-3.40
2265.00,2541.00,-3.59,-0.04,-4.18
2876.00,893.00,-4.02,-0.04,-3.70
3790.00,4732.00,-3.96,-0.04,-3.74
2124.00,5239.00,-3.39,-0.04,-4.70
3791.00,4680.00,-4.00,-0.04,-3.72
3787.00,4679.00,-4.15,-0.04,-3.61
2387.00,4897.00,-3.64,-0.04,-4.11
3794.00,4732.00,-4.02,-0.04,-3.71
2066.00,2539.00,-3.42,-0.04,-4.62
1814.00,4653.00,-3.58,-0.04,-4.23
4531.00,5188.00,-4.28,-0.04,-3.56
2124.00,1382.00,-3.19,-0.04,-6.99
3792.00,4679.00,-4.19,-0.04,-3.61
3787.00,4685.00,-4.13,-0.04,-3.65
4074.00,3743.00,-4.85,-0.04,-3.37
1564.00,4349.00,-3.70,-0.04,-4.06
3789.00,4667.00,-4.42,-0.04,-3.52
3792.00,4685.00,-4.17,-0.04,-3.64
2193.00,3759.00,-3.62,-0.04,-4.23
2387.00,4403.00,-4.83,-0.04,-3.40
2295.00,2560.00,-3.55,-0.04,-4.36
3791.00,4732.00,-4.04,-0.04,-3.74
3789.00,4671.00,-4.27,-0.04,-3.60
3790.00,4679.00,-4.11,-0.04,-3.70
3786.00,4671.00,-4.22,-0.04,-3.63
3794.00,4679.00,-4.17,-0.04,-3.66
2265.00,3192.00,-3.59,-0.04,-4.30
1385.00,3759.00,-3.41,-0.04,-4.81
3788.00,4676.00,-4.21,-0.04,-3.64
3793.00,4676.00,-4.25,-0.04,-3.62
2044.00,1791.00,-3.58,-0.04,-4.34
3785.00,4668.00,-4.16,-0.04,-3.68
3790.00,4685.00,-4.08,-0.04,-3.73
3787.00,4687.00,-4.30,-0.04,-3.60
3794.00,4685.00,-4.14,-0.04,-3.69
2295.00,2016.00,-3.47,-0.04,-4.63
2066.00,2547.00,-3.68,-0.04,-4.17
3789.00,4742.00,-4.44,-0.04,-3.55
3792.00,4687.00,-4.34,-0.04,-3.60
3788.00,4706.00,-4.21,-0.04,-3.67
3786.00,4742.00,-4.39,-0.04,-3.58
3987.00,2016.00,-3.45,-0.04,-4.76
3788.00,4674.00,-4.29,-0.04,-3.63
3793.00,4674.00,-4.34,-0.04,-3.60
3793.00,4706.00,-4.26,-0.04,-3.65
3785.00,4672.00,-4.27,-0.04,-3.64
134.00,2016.00,-3.70,-0.04,-4.17
1809.00,4675.00,-3.47,-0.04,-4.74
3789.00,4653.00,-4.46,-0.04,-3.57
1809.00,2656.00,-3.69,-0.04,-4.22
3793.00,4683.00,-4.45,-0.04,-3.58
3791.00,4685.00,-4.17,-0.04,-3.72
3788.00,4683.00,-4.41,-0.04,-3.60
5362.00,5200.00,-4.14,-0.04,-3.74
3786.00,4653.00,-4.42,-0.04,-3.59
4558.00,5197.00,-3.64,-0.04,-4.32
1385.00,3758.00,-3.48,-0.04,-4.75
1809.00,4742.00,-3.54,-0.04,-4.56
831.00,905.00,-4.34,-0.04,-3.64
134.00,178.00,-3.80,-0.04,-4.10
2657.00,3743.00,-4.16,-0.04,-3.75
3790.00,4666.00,-4.13,-0.04,-3.78
3794.00,4666.00,-4.19,-0.04,-3.75
2044.00,5212.00,-3.81,-0.04,-4.10
2172.00,2260.00,-4.12,-0.04,-3.79
3788.00,4677.00,-4.32,-0.04,-3.67
3788.00,4665.00,-4.26,-0.04,-3.71
3793.00,4677.00,-4.36,-0.04,-3.65
1809.00,4653.00,-3.57,-0.04,-4.57
308.00,1392.00,-4.93,-0.04,-3.46
3791.00,4687.00,-4.34,-0.04,-3.68
3788.00,4668.00,-4.19,-0.04,-3.77
480.00,2342.00,-3.84,-0.04,-4.10
1809.00,2573.00,-3.82,-0.04,-4.12
3793.00,4668.00,-4.23,-0.04,-3.75
2044.00,5532.00,-4.18,-0.04,-3.78
2124.00,5708.00,-3.85,-0.04,-4.09
4558.00,5158.00,-4.78,-0.04,-3.52
3787.00,4676.00,-4.22,-0.04,-3.76
134.00,2683.00,-3.89,-0.04,-4.05
2251.00,2016.00,-3.75,-0.04,-4.26
2044.00,4674.00,-3.57,-0.04,-4.65
3791.00,4666.00,-4.22,-0.04,-3.77
308.00,1307.00,-4.91,-0.04,-3.50
3788.00,4672.00,-4.30,-0.04,-3.73
3793.00,4672.00,-4.34,-0.04,-3.71
3792.00,4676.00,-4.26,-0.04,-3.76
134.00,2876.00,-4.02,-0.04,-3.94
3787.00,4706.00,-4.22,-0.04,-3.79
2350.00,3755.00,-4.09,-0.04,-3.89
4558.00,5192.00,-3.69,-0.04,-4.43
1564.00,4530.00,-4.11,-0.04,-3.88
3792.00,4706.00,-4.26,-0.04,-3.78
3721.00,61.00,-4.01,-0.04,-3.99
2295.00,2683.00,-3.66,-0.04,-4.51
3786.00,4675.00,-4.32,-0.04,-3.75
3789.00,4675.00,-4.37,-0.04,-3.73
3790.00,4676.00,-4.18,-0.04,-3.85
3785.00,4742.00,-4.43,-0.04,-3.70
3794.00,4676.00,-4.23,-0.04,-3.81
2044.00,4672.00,-3.58,-0.04,-4.76
3789.00,4743.00,-4.80,-0.04,-3.57
3787.00,4683.00,-4.42,-0.04,-3.72
1317.00,2016.00,-3.86,-0.04,-4.19
3790.00,4706.00,-4.18,-0.04,-3.87
1385.00,2260.00,-4.27,-0.04,-3.81
3786.00,4743.00,-4.75,-0.04,-3.60
3794.00,4706.00,-4.24,-0.04,-3.83
3785.00,4653.00,-4.46,-0.04,-3.71
2124.00,4682.00,-3.42,-0.04,-5.74
3790.00,4674.00,-4.26,-0.04,-3.83
2044.00,4671.00,-3.57,-0.04,-4.87
3787.00,4665.00,-4.27,-0.04,-3.83
3791.00,4676.00,-4.26,-0.04,-3.84
308.00,905.00,-4.52,-0.04,-3.70
3789.00,2016.00,-4.53,-0.04,-3.70
1351.00,1330.00,-3.91,-0.04,-4.17
1809.00,2016.00,-3.64,-0.04,-4.70
3786.00,2016.00,-4.49,-0.04,-3.72
4558.00,5201.00,-3.87,-0.04,-4.23
3792.00,4665.00,-4.31,-0.04,-3.83
3987.00,5637.00,-4.25,-0.04,-3.87
3987.00,5639.00,-4.25,-0.04,-3.87
3788.00,4667.00,-4.44,-0.04,-3.76
904.00,1955.00,-3.84,-0.04,-4.28
3788.00,4671.00,-4.29,-0.04,-3.84
1814.00,4660.00,-3.80,-0.04,-4.35
3791.00,4706.00,-4.26,-0.04,-3.86
3794.00,4683.00,-4.43,-0.04,-3.77
2387.00,5035.00,-4.57,-0.04,-3.70
4457.00,4700.00,-5.04,-0.04,-3.56
3790.00,4683.00,-4.37,-0.04,-3.80
2066.00,2669.00,-3.72,-0.04,-4.54
2044.00,5196.00,-3.93,-0.04,-4.18
3792.00,4668.00,-4.24,-0.04,-3.89
3791.00,4674.00,-4.34,-0.04,-3.82
2350.00,3758.00,-4.25,-0.04,-3.89
1814.00,4743.00,-3.91,-0.04,-4.23
3787.00,4672.00,-4.31,-0.04,-3.85
4558.00,5202.00,-3.89,-0.04,-4.25
3790.00,4665.00,-4.22,-0.04,-3.91
3794.00,4665.00,-4.28,-0.04,-3.88
2350.00,3759.00,-4.19,-0.04,-3.95
2387.00,2016.00,-3.73,-0.04,-4.56
3790.00,4677.00,-4.29,-0.04,-3.88
3790.00,4668.00,-4.16,-0.04,-3.98
3794.00,4677.00,-4.35,-0.04,-3.84
2265.00,2504.00,-3.66,-0.03,-4.77
4171.00,5732.00,-4.34,-0.03,-3.85
3792.00,4672.00,-4.35,-0.03,-3.85
3987.00,5732.00,-4.30,-0.03,-3.88
3444.00,2497.00,-4.06,-0.03,-4.08
2124.00,5148.00,-4.11,-0.03,-4.03
3788.00,4742.00,-4.46,-0.03,-3.79
3793.00,4742.00,-4.50,-0.03,-3.77
3789.00,4660.00,-4.69,-0.03,-3.69
3791.00,4683.00,-4.46,-0.03,-3.80
1809.00,3465.00,-3.74,-0.03,-4.57
3786.00,4660.00,-4.64,-0.03,-3.72
5362.00,5197.00,-4.13,-0.03,-4.03
3791.00,4665.00,-4.31,-0.03,-3.90
3790.00,4672.00,-4.27,-0.03,-3.93
4171.00,5731.00,-4.38,-0.03,-3.86
3785.00,4675.00,-4.36,-0.03,-3.87
2350.00,3756.00,-4.27,-0.03,-3.94
3794.00,4672.00,-4.33,-0.03,-3.90
3791.00,4677.00,-4.37,-0.03,-3.87
3793.00,4653.00,-4.53,-0.03,-3.78
3987.00,5731.00,-4.34,-0.03,-3.89
3791.00,4668.00,-4.24,-0.03,-3.97
1385.00,4349.00,-3.78,-0.03,-4.55
2265.00,3286.00,-4.12,-0.03,-4.11
3785.00,4743.00,-4.79,-0.03,-3.71
3787.00,4671.00,-4.30,-0.03,-3.96
3791.00,4672.00,-4.35,-0.03,-3.93
2066.00,5610.00,-4.43,-0.03,-3.88
2124.00,4686.00,-3.58,-0.03,-5.44
2124.00,4685.00,-3.53,-0.03,-5.78
3785.00,2016.00,-4.53,-0.03,-3.84
5362.00,5201.00,-4.36,-0.03,-3.94
3792.00,4671.00,-4.34,-0.03,-3.96
3792.00,4667.00,-4.49,-0.03,-3.87
2044.00,5511.00,-4.67,-0.03,-3.80
2124.00,4679.00,-3.56,-0.03,-5.74
4558.00,5188.00,-4.80,-0.03,-3.75
1809.00,4660.00,-3.79,-0.03,-4.70
3790.00,4671.00,-4.26,-0.03,-4.04
3794.00,4671.00,-4.32,-0.03,-4.01
5362.00,5202.00,-4.38,-0.03,-3.97
3788.00,4675.00,-4.39,-0.03,-3.97
3790.00,4667.00,-4.41,-0.03,-3.96
5362.00,5192.00,-4.17,-0.03,-4.14
3794.00,4667.00,-4.46,-0.03,-3.92
3793.00,4675.00,-4.43,-0.03,-3.94
3792.00,4742.00,-4.51,-0.03,-3.91
3787.00,4653.00,-4.50,-0.03,-3.93
2124.00,4666.00,-3.58,-0.03,-5.83
3785.00,4660.00,-4.69,-0.03,-3.84
1809.00,4743.00,-3.89,-0.03,-4.57
3791.00,4671.00,-4.34,-0.03,-4.04
3791.00,4667.00,-4.49,-0.03,-3.95
3793.00,4743.00,-4.86,-0.03,-3.79
3790.00,4742.00,-4.43,-0.03,-3.99
3794.00,4742.00,-4.49,-0.03,-3.96
3788.00,4743.00,-4.82,-0.03,-3.81
1351.00,1752.00,-4.01,-0.03,-4.41
3786.00,4746.00,-5.96,-0.03,-3.59
480.00,471.00,-4.08,-0.03,-4.33
3793.00,2016.00,-4.60,-0.03,-3.91
2066.00,2531.00,-4.35,-0.03,-4.07
2124.00,5163.00,-4.12,-0.03,-4.29
2124.00,5204.00,-4.12,-0.03,-4.29
3794.00,4653.00,-4.51,-0.03,-3.97
2265.00,3026.00,-3.88,-0.03,-4.73
134.00,4250.00,-4.35,-0.03,-4.09
3791.00,4742.00,-4.51,-0.03,-3.99
2124.00,5483.00,-3.70,-0.03,-5.37
2124.00,4676.00,-3.63,-0.03,-5.89
2124.00,4706.00,-3.63,-0.03,-5.92
3787.00,4675.00,-4.40,-0.03,-4.09
2044.00,5200.00,-4.04,-0.03,-4.47
3791.00,4653.00,-4.54,-0.03,-4.00
3793.00,4660.00,-4.76,-0.03,-3.91
3792.00,4675.00,-4.44,-0.03,-4.08
3788.00,4660.00,-4.71,-0.03,-3.93
3987.00,5440.00,-4.71,-0.03,-3.94
134.00,3313.00,-5.09,-0.03,-3.81
2066.00,2656.00,-3.99,-0.03,-4.62
3790.00,4675.00,-4.36,-0.03,-4.17
3794.00,4675.00,-4.42,-0.03,-4.13
2124.00,4665.00,-3.68,-0.03,-5.96
2124.00,5114.00,-3.75,-0.03,-5.45
2124.00,4687.00,-3.70,-0.03,-5.73
2265.00,2521.00,-4.61,-0.03,-4.03
2265.00,2542.00,-4.61,-0.03,-4.03
2265.00,2543.00,-4.61,-0.03,-4.03
3787.00,2016.00,-4.57,-0.03,-4.06
2350.00,3743.00,-5.01,-0.03,-3.87
2124.00,5236.00,-3.79,-0.03,-5.34
3792.00,2016.00,-4.61,-0.03,-4.05
2124.00,4674.00,-3.71,-0.03,-5.88
3789.00,4530.00,-5.85,-0.03,-3.71
308.00,1955.00,-4.54,-0.03,-4.10
2295.00,4869.00,-4.43,-0.03,-4.19
1362.00,2016.00,-4.26,-0.03,-4.36
3785.00,4746.00,-6.00,-0.03,-3.71
3786.00,4530.00,-5.80,-0.03,-3.74
3794.00,2016.00,-4.58,-0.03,-4.10
1809.00,2880.00,-4.84,-0.03,-3.97
2124.00,4677.00,-3.74,-0.03,-5.92
3787.00,4660.00,-4.72,-0.03,-4.05
3791.00,2016.00,-4.61,-0.03,-4.13
3792.00,4660.00,-4.77,-0.03,-4.05
1809.00,2777.00,-4.05,-0.03,-4.77
3791.00,4743.00,-4.87,-0.03,-4.01
3789.00,4700.00,-6.40,-0.03,-3.73
4171.00,4250.00,-4.14,-0.03,-4.65
4171.00,4869.00,-4.45,-0.03,-4.29
3794.00,4660.00,-4.74,-0.03,-4.10
2066.00,2366.00,-4.76,-0.03,-4.09
3790.00,4660.00,-4.68,-0.03,-4.14
3786.00,4700.00,-6.35,-0.03,-3.75
2124.00,5242.00,-4.16,-0.03,-4.65
3793.00,4746.00,-6.07,-0.03,-3.78
2124.00,4683.00,-3.82,-0.03,-5.85
3788.00,4746.00,-6.03,-0.02,-3.80
2066.00,3018.00,-4.67,-0.02,-4.18
2044.00,5192.00,-4.07,-0.02,-4.88
3791.00,4660.00,-4.77,-0.02,-4.13
2044.00,5158.00,-5.16,-0.02,-3.97
2124.00,5212.00,-3.95,-0.02,-5.32
480.00,3755.00,-4.10,-0.02,-4.88
2265.00,2538.00,-4.57,-0.02,-4.29
2124.00,4675.00,-3.81,-0.02,-6.22
3785.00,4530.00,-5.85,-0.02,-3.86
3721.00,1382.00,-3.98,-0.02,-5.32
2124.00,4667.00,-3.86,-0.02,-6.01
2044.00,5201.00,-4.26,-0.02,-4.67
2124.00,4742.00,-3.88,-0.02,-6.04
134.00,4349.00,-4.59,-0.02,-4.35
2044.00,5202.00,-4.28,-0.02,-4.70
2124.00,5191.00,-4.61,-0.02,-4.37
2124.00,4653.00,-3.91,-0.02,-6.06
1317.00,3759.00,-4.37,-0.02,-4.63
3793.00,4530.00,-5.92,-0.02,-3.93
3787.00,4746.00,-6.04,-0.02,-3.93
3792.00,4746.00,-6.08,-0.02,-3.92
3788.00,4530.00,-5.87,-0.02,-3.95
3786.00,3756.00,-5.08,-0.02,-4.15
3718.00,4530.00,-4.70,-0.02,-4.36
3743.00,1382.00,-4.67,-0.02,-4.38
3785.00,3755.00,-4.95,-0.02,-4.22
480.00,3758.00,-4.26,-0.02,-4.89
1362.00,3313.00,-5.65,-0.02,-4.01
3803.00,3743.00,-4.49,-0.02,-4.56
2124.00,5196.00,-4.07,-0.02,-5.40
1317.00,3756.00,-4.45,-0.02,-4.61
480.00,3756.00,-4.27,-0.02,-4.94
3794.00,4746.00,-6.06,-0.02,-3.97
2387.00,3759.00,-4.24,-0.02,-5.00
3755.00,1382.00,-4.29,-0.02,-4.94
3790.00,4746.00,-6.00,-0.02,-4.01
2387.00,3758.00,-4.31,-0.02,-4.94
3788.00,4700.00,-6.42,-0.02,-3.97
3791.00,4746.00,-6.08,-0.02,-4.00
2066.00,2639.00,-4.84,-0.02,-4.39
2876.00,134.00,-4.53,-0.02,-4.65
2387.00,3756.00,-4.32,-0.02,-4.99
2124.00,5194.00,-4.12,-0.02,-5.56
3786.00,3743.00,-5.83,-0.02,-4.08
1814.00,4530.00,-4.96,-0.02,-4.36
3787.00,4530.00,-5.89,-0.02,-4.07
3792.00,4530.00,-5.93,-0.02,-4.07
1809.00,3313.00,-5.02,-0.02,-4.34
2124.00,5345.00,-4.54,-0.02,-4.73
134.00,2497.00,-4.67,-0.02,-4.62
2933.00,4746.00,-4.82,-0.02,-4.51
3794.00,4530.00,-5.90,-0.02,-4.12
2044.00,3755.00,-4.26,-0.02,-5.34
2124.00,5380.00,-4.46,-0.02,-4.91
2124.00,5373.00,-4.46,-0.02,-4.91
2124.00,5376.00,-4.46,-0.02,-4.91
2124.00,5393.00,-4.46,-0.02,-4.91
2124.00,5375.00,-4.46,-0.02,-4.91
2933.00,4530.00,-4.67,-0.02,-4.66
2124.00,5287.00,-4.41,-0.02,-5.02
2124.00,5234.00,-4.41,-0.02,-5.03
2124.00,5200.00,-4.18,-0.02,-5.70
3790.00,4530.00,-5.84,-0.02,-4.15
3791.00,4530.00,-5.93,-0.02,-4.15
3787.00,4700.00,-6.43,-0.02,-4.09
3792.00,4700.00,-6.47,-0.02,-4.09
2295.00,4530.00,-4.78,-0.02,-4.63
2265.00,2539.00,-4.29,-0.02,-5.40
2124.00,4660.00,-4.13,-0.02,-6.18
360.00,2497.00,-4.48,-0.02,-5.00
1362.00,3755.00,-4.68,-0.02,-4.74
2251.00,2497.00,-4.72,-0.02,-4.71
2124.00,5197.00,-4.17,-0.02,-5.99
3785.00,3743.00,-5.88,-0.02,-4.20
3794.00,4700.00,-6.45,-0.02,-4.14
2876.00,627.00,-4.82,-0.02,-4.67
2124.00,5065.00,-4.59,-0.02,-4.94
3790.00,4700.00,-6.39,-0.02,-4.17
3791.00,4700.00,-6.48,-0.02,-4.17
2066.00,3755.00,-4.36,-0.02,-5.48
2044.00,3758.00,-4.42,-0.02,-5.34
2124.00,4743.00,-4.24,-0.02,-6.06
1814.00,4700.00,-5.50,-0.02,-4.38
5362.00,2497.00,-4.90,-0.02,-4.69
1362.00,3758.00,-4.84,-0.02,-4.74
2044.00,3756.00,-4.43,-0.02,-5.39
3788.00,3743.00,-5.90,-0.02,-4.30
2251.00,3743.00,-5.08,-0.02,-4.61
1362.00,3756.00,-4.86,-0.02,-4.79
1814.00,3743.00,-4.99,-0.02,-4.71
2387.00,2497.00,-4.70,-0.02,-5.02
2066.00,2260.00,-5.32,-0.02,-4.55
2066.00,3759.00,-4.46,-0.02,-5.54
5362.00,3743.00,-5.27,-0.02,-4.58
2295.00,3743.00,-4.81,-0.02,-4.98
2066.00,3758.00,-4.52,-0.02,-5.48
2124.00,5206.00,-4.72,-0.02,-5.11
2124.00,5201.00,-4.41,-0.02,-5.90
2124.00,5202.00,-4.42,-0.01,-5.92
2066.00,3756.00,-4.54,-0.01,-5.53
480.00,3743.00,-5.01,-0.01,-4.86
2066.00,3377.00,-4.87,-0.01,-5.10
2387.00,3743.00,-5.07,-0.01,-4.92
2265.00,3375.00,-5.62,-0.01,-4.62
2265.00,3372.00,-5.62,-0.01,-4.62
1809.00,3743.00,-4.97,-0.01,-5.06
2265.00,2531.00,-5.23,-0.01,-4.87
1809.00,4700.00,-5.49,-0.01,-4.72
2044.00,2497.00,-4.81,-0.01,-5.42
2265.00,2713.00,-5.36,-0.01,-5.05
2265.00,2342.00,-4.98,-0.01,-5.49
2265.00,2016.00,-4.82,-0.01,-5.90
2124.00,5158.00,-5.30,-0.01,-5.19
2044.00,3743.00,-5.18,-0.01,-5.32
2066.00,3743.00,-5.28,-0.01,-5.46
2124.00,5188.00,-5.33,-0.01,-5.42
2876.00,1791.00,-6.65,-0.01,-4.96
2265.00,2880.00,-6.04,-0.01,-5.18
2124.00,5216.00,-5.45,-0.01,-5.62
2265.00,2777.00,-5.24,-0.01,-5.97
2124.00,5080.00,-5.28,-0.01,-6.22
2124.00,4700.00,-5.84,-0.00,-6.21
2265.00,2497.00,-5.80,-0.00,-6.37
