32.00,2.00,-0.10,-2.51,-4.09
369.00,42.00,-0.18,-2.16,-3.07
1496.00,16.00,-0.29,-1.77,-2.51
2.00,171.00,-0.23,-1.69,-3.97
58.00,25.00,-0.33,-1.54,-2.71
3.00,210.00,-0.29,-1.45,-3.97
320.00,6.00,-0.38,-1.38,-2.77
1.00,10.00,-0.36,-1.26,-3.85
1920.00,14.00,-0.45,-1.22,-2.66
15.00,79.00,-0.40,-1.17,-4.02
2317.00,243.00,-0.63,-1.09,-2.02
1481.00,59.00,-0.65,-1.04,-2.08
9.00,116.00,-0.49,-1.03,-3.45
2633.00,175.00,-3.14,-1.03,-0.51
31.00,10.00,-0.48,-1.02,-3.87
7520.00,57.00,-0.57,-1.00,-2.67
5836.00,7464.00,-5.20,-1.00,-0.47
7563.00,44.00,-0.51,-0.99,-3.55
169.00,21.00,-0.55,-0.99,-2.97
25.00,10.00,-0.53,-0.98,-3.44
1392.00,163.00,-0.58,-0.97,-2.76
25.00,8.00,-0.52,-0.97,-3.76
34.00,69.00,-0.58,-0.95,-2.90
221.00,30.00,-0.58,-0.94,-2.99
46.00,14.00,-0.55,-0.92,-3.65
7564.00,12.00,-0.60,-0.91,-3.00
699.00,225.00,-0.68,-0.90,-2.43
3078.00,1810.00,-2.97,-0.88,-0.63
7530.00,4.00,-0.74,-0.86,-2.29
18.00,85.00,-0.60,-0.86,-3.58
7549.00,92.00,-0.65,-0.86,-2.93
14.00,9.00,-0.60,-0.85,-3.57
6.00,42.00,-0.61,-0.84,-3.72
337.00,57.00,-0.72,-0.84,-2.48
12.00,67.00,-0.60,-0.84,-3.97
173.00,91.00,-0.66,-0.83,-3.06
1568.00,68.00,-0.74,-0.83,-2.46
82.00,486.00,-0.62,-0.82,-3.66
7475.00,875.00,-2.05,-0.82,-0.84
23.00,189.00,-0.63,-0.81,-3.87
7578.00,21.00,-0.76,-0.81,-2.45
1146.00,490.00,-0.70,-0.80,-2.92
5.00,89.00,-0.62,-0.80,-4.67
71.00,361.00,-0.66,-0.80,-3.49
3078.00,123.00,-1.78,-0.79,-0.97
1742.00,8.00,-0.91,-0.77,-2.01
224.00,7412.00,-0.80,-0.76,-2.50
54.00,271.00,-0.72,-0.76,-3.13
2357.00,25.00,-0.82,-0.75,-2.44
176.00,89.00,-0.71,-0.71,-4.07
23.00,10.00,-0.74,-0.70,-3.72
103.00,287.00,-0.76,-0.70,-3.33
67.00,407.00,-0.75,-0.69,-3.65
592.00,7396.00,-0.84,-0.68,-2.75
10.00,182.00,-0.80,-0.67,-3.23
529.00,213.00,-0.82,-0.67,-3.05
7516.00,12.00,-0.86,-0.67,-2.75
34.00,278.00,-0.88,-0.67,-2.62
190.00,10.00,-0.79,-0.67,-3.45
441.00,7401.00,-0.90,-0.66,-2.55
10.00,84.00,-0.80,-0.66,-3.32
563.00,747.00,-0.89,-0.65,-2.69
7557.00,7465.00,-3.79,-0.64,-0.80
84.00,34.00,-0.88,-0.63,-2.94
2330.00,7551.00,-1.48,-0.63,-1.43
7563.00,88.00,-0.81,-0.63,-3.79
99.00,176.00,-0.83,-0.63,-3.56
42.00,172.00,-0.81,-0.62,-4.04
94.00,35.00,-0.81,-0.62,-4.25
85.00,18.00,-0.84,-0.61,-3.73
2357.00,6.00,-1.00,-0.60,-2.48
7594.00,128.00,-0.87,-0.59,-3.62
837.00,7334.00,-1.28,-0.59,-1.79
7564.00,40.00,-0.93,-0.59,-2.95
238.00,7335.00,-1.28,-0.59,-1.80
5028.00,7563.00,-3.26,-0.58,-0.91
299.00,7563.00,-0.96,-0.58,-2.83
4.00,196.00,-0.85,-0.58,-4.47
466.00,700.00,-0.94,-0.58,-3.02
7561.00,244.00,-0.95,-0.58,-2.94
19.00,176.00,-0.89,-0.58,-3.58
227.00,123.00,-0.85,-0.57,-4.54
8.00,286.00,-0.91,-0.57,-3.37
84.00,198.00,-0.96,-0.57,-2.92
14.00,18.00,-0.89,-0.57,-3.75
86.00,132.00,-0.91,-0.56,-3.55
2786.00,7402.00,-2.76,-0.56,-1.01
490.00,280.00,-0.91,-0.56,-3.65
370.00,176.00,-1.02,-0.56,-2.69
62.00,176.00,-0.91,-0.55,-3.69
7563.00,149.00,-0.92,-0.55,-3.69
689.00,215.00,-1.01,-0.55,-2.84
896.00,144.00,-1.11,-0.55,-2.38
95.00,10.00,-0.91,-0.55,-4.11
11.00,825.00,-0.92,-0.54,-3.80
2368.00,94.00,-0.98,-0.54,-3.15
271.00,141.00,-0.92,-0.54,-3.88
198.00,256.00,-1.06,-0.54,-2.66
2230.00,7564.00,-1.65,-0.54,-1.50
124.00,94.00,-0.93,-0.53,-4.06
595.00,184.00,-1.04,-0.52,-3.00
283.00,7371.00,-1.04,-0.52,-2.99
191.00,84.00,-1.02,-0.51,-3.19
2375.00,148.00,-1.13,-0.51,-2.57
7517.00,14.00,-1.19,-0.51,-2.34
4.00,254.00,-0.95,-0.51,-4.62
640.00,98.00,-1.00,-0.51,-3.49
7585.00,45.00,-1.08,-0.50,-2.89
2335.00,81.00,-1.01,-0.50,-3.51
187.00,156.00,-1.03,-0.50,-3.27
28.00,176.00,-0.98,-0.50,-4.16
176.00,356.00,-1.04,-0.49,-3.28
10.00,679.00,-1.04,-0.49,-3.28
7530.00,57.00,-1.18,-0.49,-2.53
7385.00,336.00,-1.37,-0.49,-2.02
242.00,889.00,-1.19,-0.49,-2.50
84.00,374.00,-1.12,-0.48,-2.88
7501.00,124.00,-1.45,-0.48,-1.91
7602.00,7423.00,-1.10,-0.48,-3.09
353.00,7563.00,-1.28,-0.47,-2.30
94.00,102.00,-1.01,-0.47,-4.32
613.00,940.00,-1.10,-0.47,-3.15
14.00,30.00,-1.04,-0.47,-3.83
7385.00,14.00,-1.27,-0.47,-2.40
423.00,94.00,-1.14,-0.46,-3.05
6.00,141.00,-1.05,-0.45,-4.11
35.00,839.00,-1.10,-0.45,-3.51
543.00,925.00,-1.16,-0.45,-3.07
313.00,7563.00,-1.12,-0.45,-3.37
14.00,46.00,-1.08,-0.44,-3.92
409.00,281.00,-1.34,-0.44,-2.35
7597.00,25.00,-1.29,-0.44,-2.50
18.00,10.00,-1.10,-0.43,-3.85
1170.00,7594.00,-1.40,-0.43,-2.26
3179.00,7326.00,-1.77,-0.43,-1.71
91.00,3773.00,-1.17,-0.43,-3.24
205.00,283.00,-1.17,-0.43,-3.26
44.00,680.00,-1.19,-0.43,-3.14
7563.00,101.00,-1.13,-0.42,-3.76
25.00,176.00,-1.15,-0.42,-3.63
94.00,124.00,-1.11,-0.42,-4.35
169.00,271.00,-1.23,-0.42,-3.05
628.00,7563.00,-1.28,-0.41,-2.82
646.00,203.00,-1.17,-0.41,-3.59
590.00,7527.00,-1.74,-0.41,-1.82
853.00,7602.00,-1.30,-0.41,-2.76
154.00,7414.00,-1.24,-0.41,-3.06
994.00,1209.00,-1.38,-0.40,-2.50
473.00,7602.00,-1.23,-0.40,-3.32
761.00,640.00,-1.28,-0.40,-2.98
7601.00,6.00,-1.31,-0.40,-2.83
1759.00,7565.00,-1.56,-0.40,-2.14
6.00,10.00,-1.19,-0.39,-3.84
144.00,14.00,-1.20,-0.39,-3.69
1761.00,187.00,-1.32,-0.39,-2.87
187.00,72.00,-1.27,-0.39,-3.17
68.00,797.00,-1.19,-0.39,-4.12
29.00,255.00,-1.19,-0.39,-4.20
812.00,747.00,-1.24,-0.39,-3.43
940.00,613.00,-1.26,-0.39,-3.32
432.00,7594.00,-1.36,-0.38,-2.76
416.00,753.00,-1.28,-0.38,-3.21
160.00,797.00,-1.21,-0.38,-3.81
221.00,84.00,-1.30,-0.38,-3.08
1858.00,517.00,-1.39,-0.38,-2.71
4.00,758.00,-1.24,-0.38,-3.68
144.00,94.00,-1.23,-0.38,-3.83
187.00,160.00,-1.27,-0.38,-3.44
7564.00,165.00,-1.29,-0.38,-3.29
192.00,7387.00,-1.35,-0.38,-2.95
4.00,945.00,-1.26,-0.37,-3.50
497.00,707.00,-1.28,-0.37,-3.39
7397.00,257.00,-1.37,-0.37,-2.87
7543.00,2335.00,-2.38,-0.37,-1.52
7517.00,8.00,-1.40,-0.37,-2.76
7594.00,1690.00,-1.29,-0.37,-3.32
57.00,10.00,-1.23,-0.37,-4.04
12.00,516.00,-1.41,-0.37,-2.74
1023.00,7574.00,-1.93,-0.37,-1.81
6.00,2407.00,-1.33,-0.37,-3.13
4.00,3253.00,-1.28,-0.37,-3.52
10.00,176.00,-1.29,-0.36,-3.55
423.00,644.00,-1.34,-0.36,-3.14
21.00,169.00,-1.27,-0.36,-3.85
707.00,115.00,-1.25,-0.36,-4.20
51.00,797.00,-1.26,-0.36,-4.07
2191.00,361.00,-1.79,-0.36,-2.02
2335.00,53.00,-1.26,-0.36,-4.17
685.00,797.00,-1.39,-0.35,-2.99
84.00,702.00,-1.45,-0.35,-2.76
138.00,7602.00,-1.27,-0.35,-4.05
23.00,89.00,-1.25,-0.35,-4.67
483.00,1321.00,-1.47,-0.35,-2.69
905.00,468.00,-1.50,-0.35,-2.60
6.00,243.00,-1.29,-0.35,-3.98
2379.00,2335.00,-1.67,-0.35,-2.24
7597.00,6.00,-1.52,-0.35,-2.60
72.00,2335.00,-1.33,-0.34,-3.64
7603.00,6.00,-1.63,-0.34,-2.37
1.00,7481.00,-1.47,-0.34,-2.84
505.00,144.00,-1.37,-0.34,-3.32
7397.00,430.00,-1.53,-0.34,-2.63
430.00,492.00,-1.31,-0.34,-4.01
8.00,408.00,-1.33,-0.34,-3.72
30.00,176.00,-1.33,-0.34,-3.83
144.00,200.00,-1.36,-0.34,-3.55
797.00,948.00,-1.49,-0.34,-2.82
205.00,631.00,-1.41,-0.34,-3.21
1777.00,7415.00,-1.72,-0.33,-2.25
4.00,3132.00,-1.38,-0.33,-3.40
4.00,383.00,-1.36,-0.33,-3.61
29.00,118.00,-1.32,-0.33,-4.09
7575.00,613.00,-2.08,-0.33,-1.84
48.00,176.00,-1.34,-0.33,-3.89
5341.00,108.00,-1.32,-0.33,-4.26
490.00,823.00,-1.40,-0.33,-3.40
248.00,655.00,-1.40,-0.33,-3.41
4.00,7405.00,-1.40,-0.33,-3.43
116.00,795.00,-1.41,-0.33,-3.37
193.00,797.00,-1.40,-0.33,-3.43
7600.00,6.00,-1.53,-0.32,-2.80
7583.00,94.00,-1.60,-0.32,-2.59
195.00,176.00,-1.38,-0.32,-3.67
221.00,2335.00,-1.44,-0.32,-3.23
117.00,397.00,-1.43,-0.32,-3.31
7327.00,144.00,-1.44,-0.32,-3.29
144.00,331.00,-1.41,-0.32,-3.54
1152.00,7410.00,-1.86,-0.32,-2.15
34.00,84.00,-1.45,-0.31,-3.34
53.00,7549.00,-1.41,-0.31,-3.68
176.00,2279.00,-1.53,-0.31,-2.96
2335.00,18.00,-1.40,-0.31,-3.95
87.00,123.00,-1.34,-0.31,-5.50
1.00,797.00,-1.38,-0.31,-4.38
104.00,184.00,-1.38,-0.31,-4.36
176.00,797.00,-1.41,-0.31,-3.86
104.00,612.00,-1.44,-0.31,-3.61
29.00,295.00,-1.40,-0.31,-4.07
4.00,1175.00,-1.47,-0.30,-3.45
978.00,7549.00,-2.04,-0.30,-2.04
84.00,221.00,-1.51,-0.30,-3.27
7501.00,7362.00,-3.95,-0.30,-1.43
739.00,7602.00,-1.64,-0.30,-2.72
525.00,1825.00,-1.59,-0.30,-2.93
121.00,7564.00,-1.53,-0.30,-3.21
9.00,326.00,-1.49,-0.30,-3.44
263.00,797.00,-1.46,-0.30,-3.72
271.00,276.00,-1.43,-0.30,-4.18
336.00,84.00,-1.52,-0.29,-3.30
4.00,10.00,-1.43,-0.29,-4.17
132.00,797.00,-1.45,-0.29,-3.91
1248.00,7563.00,-1.55,-0.29,-3.20
329.00,7508.00,-1.65,-0.29,-2.79
246.00,429.00,-1.49,-0.29,-3.56
1291.00,271.00,-1.58,-0.29,-3.07
905.00,7324.00,-1.92,-0.29,-2.24
2335.00,72.00,-1.50,-0.29,-3.56
1567.00,7594.00,-1.88,-0.29,-2.31
1829.00,7553.00,-2.17,-0.29,-1.98
646.00,10.00,-1.55,-0.29,-3.19
5341.00,83.00,-1.44,-0.29,-4.13
429.00,246.00,-1.54,-0.29,-3.33
10.00,6877.00,-1.53,-0.29,-3.42
1158.00,862.00,-1.58,-0.28,-3.18
125.00,373.00,-1.58,-0.28,-3.21
124.00,3361.00,-1.53,-0.28,-3.57
82.00,7594.00,-1.54,-0.28,-3.55
25.00,815.00,-1.87,-0.28,-2.43
251.00,7563.00,-1.58,-0.28,-3.37
19.00,7564.00,-1.58,-0.28,-3.36
8.00,1471.00,-1.58,-0.28,-3.37
655.00,7528.00,-1.86,-0.27,-2.47
9.00,112.00,-1.53,-0.27,-3.79
453.00,7551.00,-1.58,-0.27,-3.41
2395.00,7443.00,-2.48,-0.27,-1.86
4.00,2407.00,-1.58,-0.27,-3.46
747.00,812.00,-1.57,-0.27,-3.56
891.00,7374.00,-1.79,-0.27,-2.67
14.00,3371.00,-1.60,-0.27,-3.34
200.00,144.00,-1.54,-0.27,-3.84
29.00,141.00,-1.50,-0.27,-4.36
178.00,176.00,-1.60,-0.27,-3.37
277.00,176.00,-1.64,-0.27,-3.21
7567.00,124.00,-1.60,-0.26,-3.48
640.00,761.00,-1.65,-0.26,-3.23
18.00,2335.00,-1.53,-0.26,-4.11
6.00,7397.00,-1.67,-0.26,-3.14
7578.00,84.00,-1.82,-0.26,-2.69
7516.00,165.00,-1.67,-0.26,-3.17
9.00,176.00,-1.56,-0.26,-3.90
138.00,2256.00,-1.74,-0.26,-2.92
81.00,2335.00,-1.56,-0.26,-3.95
50.00,175.00,-1.55,-0.26,-4.08
8.00,7517.00,-1.71,-0.26,-3.05
280.00,765.00,-1.67,-0.26,-3.24
84.00,881.00,-1.77,-0.26,-2.87
144.00,380.00,-1.62,-0.26,-3.56
7594.00,5341.00,-1.68,-0.26,-3.19
243.00,176.00,-1.60,-0.26,-3.73
359.00,7387.00,-1.72,-0.26,-3.06
359.00,7602.00,-1.56,-0.26,-4.22
936.00,7550.00,-1.71,-0.26,-3.11
173.00,176.00,-1.65,-0.25,-3.46
205.00,587.00,-1.64,-0.25,-3.50
497.00,357.00,-1.66,-0.25,-3.45
7563.00,7497.00,-1.64,-0.25,-3.53
10.00,7594.00,-1.67,-0.25,-3.37
7564.00,158.00,-1.69,-0.25,-3.30
1019.00,7582.00,-2.20,-0.25,-2.21
384.00,7569.00,-1.71,-0.25,-3.23
2292.00,144.00,-1.76,-0.25,-3.06
932.00,7578.00,-2.55,-0.25,-1.95
592.00,7440.00,-2.55,-0.25,-1.96
1521.00,7505.00,-2.36,-0.25,-2.09
84.00,14.00,-1.63,-0.25,-3.81
124.00,2224.00,-1.68,-0.24,-3.48
248.00,7594.00,-1.76,-0.24,-3.13
29.00,7340.00,-1.63,-0.24,-3.93
12.00,7428.00,-1.83,-0.24,-2.92
437.00,5139.00,-2.34,-0.24,-2.14
7564.00,7552.00,-1.85,-0.24,-2.88
77.00,7525.00,-1.73,-0.24,-3.32
1158.00,402.00,-1.79,-0.24,-3.07
7549.00,187.00,-1.78,-0.24,-3.11
86.00,213.00,-1.64,-0.24,-4.00
680.00,8.00,-1.74,-0.24,-3.35
72.00,123.00,-1.59,-0.24,-4.98
443.00,7523.00,-1.92,-0.23,-2.79
103.00,144.00,-1.66,-0.23,-4.08
2100.00,7451.00,-4.43,-0.23,-1.63
14.00,199.00,-1.72,-0.23,-3.61
86.00,490.00,-1.65,-0.23,-4.36
29.00,622.00,-1.68,-0.23,-3.93
163.00,10.00,-1.64,-0.23,-4.48
14.00,10.00,-1.68,-0.23,-4.02
4.00,7509.00,-1.74,-0.23,-3.55
761.00,554.00,-1.97,-0.23,-2.74
34.00,800.00,-1.75,-0.23,-3.52
1158.00,784.00,-1.73,-0.23,-3.60
1158.00,791.00,-1.83,-0.23,-3.12
52.00,123.00,-1.62,-0.23,-5.06
979.00,7511.00,-1.88,-0.23,-2.98
2654.00,1637.00,-2.16,-0.23,-2.44
176.00,7587.00,-1.83,-0.23,-3.19
87.00,7327.00,-1.69,-0.23,-4.00
178.00,7526.00,-1.83,-0.23,-3.17
31.00,797.00,-1.65,-0.23,-4.56
7593.00,6.00,-1.98,-0.22,-2.75
103.00,800.00,-1.72,-0.22,-3.83
728.00,4310.00,-1.95,-0.22,-2.84
51.00,7602.00,-1.65,-0.22,-4.78
116.00,797.00,-1.71,-0.22,-4.07
3001.00,7593.00,-3.65,-0.22,-1.76
29.00,313.00,-1.74,-0.22,-3.87
336.00,144.00,-1.76,-0.22,-3.73
6.00,7515.00,-1.81,-0.22,-3.43
41.00,7437.00,-1.72,-0.22,-4.08
7563.00,7373.00,-1.87,-0.22,-3.19
6368.00,7443.00,-2.21,-0.22,-2.47
187.00,14.00,-1.77,-0.22,-3.75
707.00,497.00,-1.80,-0.22,-3.54
14.00,54.00,-1.75,-0.21,-3.98
392.00,7409.00,-1.91,-0.21,-3.12
29.00,685.00,-1.84,-0.21,-3.42
490.00,2335.00,-1.73,-0.21,-4.24
72.00,176.00,-1.78,-0.21,-3.83
87.00,184.00,-1.70,-0.21,-4.81
16.00,7409.00,-1.72,-0.21,-4.52
29.00,284.00,-1.78,-0.21,-3.91
2335.00,287.00,-1.77,-0.21,-3.96
9.00,612.00,-1.82,-0.21,-3.63
103.00,490.00,-1.75,-0.21,-4.25
5341.00,327.00,-1.78,-0.21,-3.96
65.00,7602.00,-1.74,-0.21,-4.54
94.00,423.00,-1.83,-0.21,-3.63
59.00,7563.00,-1.76,-0.20,-4.39
268.00,176.00,-1.91,-0.20,-3.36
7362.00,7501.00,-4.45,-0.20,-1.76
52.00,176.00,-1.81,-0.20,-3.91
205.00,7513.00,-1.92,-0.20,-3.30
586.00,7602.00,-1.86,-0.20,-3.61
162.00,7559.00,-1.94,-0.20,-3.28
7396.00,7503.00,-2.03,-0.20,-3.00
1653.00,7545.00,-3.57,-0.20,-1.88
278.00,176.00,-1.87,-0.20,-3.66
88.00,7438.00,-2.12,-0.20,-2.81
1242.00,7507.00,-3.42,-0.20,-1.92
94.00,2368.00,-1.85,-0.20,-3.85
484.00,7330.00,-3.18,-0.20,-1.99
1521.00,7536.00,-4.31,-0.20,-1.80
2335.00,221.00,-1.89,-0.20,-3.62
14.00,266.00,-1.88,-0.20,-3.73
14.00,1920.00,-1.87,-0.19,-3.77
134.00,7576.00,-1.97,-0.19,-3.31
7564.00,8.00,-1.91,-0.19,-3.59
7.00,228.00,-1.87,-0.19,-3.84
4.00,7446.00,-1.97,-0.19,-3.32
541.00,7556.00,-3.16,-0.19,-2.01
7535.00,165.00,-1.91,-0.19,-3.59
94.00,3133.00,-2.20,-0.19,-2.73
216.00,1291.00,-1.97,-0.19,-3.30
2486.00,7588.00,-2.80,-0.19,-2.17
1.00,7602.00,-1.79,-0.19,-5.11
1157.00,7602.00,-2.37,-0.19,-2.52
323.00,7568.00,-2.05,-0.19,-3.10
7517.00,490.00,-2.04,-0.19,-3.17
53.00,7563.00,-1.82,-0.19,-4.63
5341.00,75.00,-1.87,-0.19,-4.05
3269.00,7435.00,-2.28,-0.19,-2.68
149.00,7563.00,-1.83,-0.19,-4.56
1186.00,7540.00,-3.71,-0.19,-1.92
392.00,7332.00,-3.09,-0.18,-2.09
7.00,106.00,-1.86,-0.18,-4.35
5341.00,352.00,-1.91,-0.18,-3.89
7597.00,94.00,-2.13,-0.18,-3.02
7603.00,94.00,-2.24,-0.18,-2.79
192.00,4056.00,-2.07,-0.18,-3.18
36.00,7370.00,-2.02,-0.18,-3.38
7.00,1161.00,-1.94,-0.18,-3.74
10.00,797.00,-1.89,-0.18,-4.11
435.00,7436.00,-2.12,-0.18,-3.05
84.00,10.00,-1.91,-0.18,-3.98
4.00,1550.00,-1.99,-0.18,-3.53
7583.00,5341.00,-2.26,-0.18,-2.79
133.00,7602.00,-1.99,-0.18,-3.52
27.00,7560.00,-1.86,-0.18,-4.60
7.00,359.00,-1.92,-0.18,-4.02
144.00,505.00,-2.00,-0.18,-3.53
1158.00,972.00,-2.35,-0.18,-2.66
535.00,7595.00,-2.12,-0.18,-3.12
14.00,7311.00,-2.08,-0.18,-3.24
62.00,7602.00,-1.86,-0.18,-4.90
7.00,426.00,-2.01,-0.18,-3.57
1934.00,7568.00,-2.34,-0.18,-2.72
5341.00,506.00,-1.94,-0.18,-3.94
7516.00,7552.00,-2.28,-0.18,-2.81
69.00,7564.00,-2.00,-0.18,-3.59
9.00,7594.00,-1.98,-0.18,-3.75
1929.00,7568.00,-2.40,-0.18,-2.64
5341.00,535.00,-1.99,-0.18,-3.74
5341.00,776.00,-1.96,-0.18,-3.88
7516.00,158.00,-2.11,-0.18,-3.22
96.00,7450.00,-1.93,-0.18,-4.21
21.00,7482.00,-2.00,-0.17,-3.71
14.00,1248.00,-2.00,-0.17,-3.72
21.00,7512.00,-2.02,-0.17,-3.63
4.00,2335.00,-1.91,-0.17,-4.48
112.00,7602.00,-1.93,-0.17,-4.28
5.00,7553.00,-1.97,-0.17,-4.01
158.00,112.00,-1.96,-0.17,-4.08
619.00,7595.00,-2.65,-0.17,-2.45
2335.00,2292.00,-2.21,-0.17,-3.04
189.00,7561.00,-2.08,-0.17,-3.46
21.00,7564.00,-1.98,-0.17,-3.96
7600.00,94.00,-2.15,-0.17,-3.23
271.00,169.00,-2.00,-0.17,-3.84
7528.00,655.00,-2.34,-0.17,-2.83
2335.00,229.00,-2.05,-0.17,-3.62
113.00,7309.00,-2.22,-0.17,-3.08
4.00,7379.00,-1.97,-0.17,-4.20
334.00,7524.00,-2.30,-0.17,-2.92
280.00,3442.00,-2.27,-0.17,-3.00
236.00,7589.00,-2.09,-0.17,-3.54
42.00,7425.00,-2.13,-0.17,-3.38
8.00,7333.00,-2.04,-0.17,-3.80
7.00,598.00,-2.01,-0.17,-4.02
10.00,7498.00,-2.24,-0.16,-3.08
88.00,7563.00,-1.94,-0.16,-4.79
189.00,7399.00,-2.00,-0.16,-4.13
1690.00,286.00,-2.03,-0.16,-3.99
92.00,176.00,-1.98,-0.16,-4.42
7.00,308.00,-1.96,-0.16,-4.75
14.00,84.00,-2.01,-0.16,-4.17
7373.00,7563.00,-2.11,-0.16,-3.54
187.00,814.00,-2.12,-0.16,-3.51
144.00,940.00,-2.06,-0.16,-3.85
380.00,144.00,-2.03,-0.16,-4.05
178.00,7333.00,-2.23,-0.16,-3.19
1037.00,7457.00,-3.28,-0.16,-2.20
187.00,10.00,-2.05,-0.16,-3.93
7.00,591.00,-2.04,-0.16,-4.08
7601.00,1690.00,-2.14,-0.16,-3.55
42.00,112.00,-2.03,-0.16,-4.20
4.00,7515.00,-2.09,-0.16,-3.80
52.00,7511.00,-2.04,-0.16,-4.20
602.00,7551.00,-2.36,-0.16,-2.99
48.00,7524.00,-2.06,-0.16,-4.08
12.00,7549.00,-2.04,-0.16,-4.21
113.00,468.00,-2.08,-0.16,-3.93
823.00,8.00,-2.09,-0.16,-3.87
280.00,301.00,-2.12,-0.16,-3.74
140.00,7590.00,-2.13,-0.16,-3.68
315.00,7591.00,-3.38,-0.16,-2.21
195.00,175.00,-2.10,-0.15,-3.91
113.00,3368.00,-2.18,-0.15,-3.54
32.00,7498.00,-2.27,-0.15,-3.24
823.00,54.00,-2.18,-0.15,-3.51
7.00,224.00,-2.07,-0.15,-4.17
180.00,7588.00,-2.25,-0.15,-3.33
7.00,394.00,-2.07,-0.15,-4.20
1.00,7499.00,-2.30,-0.15,-3.20
7598.00,1690.00,-2.24,-0.15,-3.36
164.00,7160.00,-2.36,-0.15,-3.07
44.00,7563.00,-2.02,-0.15,-4.84
42.00,176.00,-2.07,-0.15,-4.32
7594.00,123.00,-2.04,-0.15,-4.68
14.00,5341.00,-2.09,-0.15,-4.21
948.00,797.00,-2.18,-0.15,-3.67
7.00,648.00,-2.06,-0.15,-4.60
7460.00,7594.00,-3.59,-0.15,-2.20
618.00,7560.00,-2.28,-0.15,-3.34
277.00,1637.00,-2.22,-0.15,-3.57
280.00,3444.00,-2.37,-0.15,-3.15
8.00,797.00,-2.07,-0.15,-4.59
6.00,7506.00,-2.30,-0.15,-3.33
719.00,7545.00,-3.37,-0.15,-2.29
19.00,7576.00,-2.26,-0.14,-3.50
7594.00,176.00,-2.25,-0.14,-3.55
6.00,176.00,-2.11,-0.14,-4.34
3.00,7568.00,-2.08,-0.14,-4.78
7.00,882.00,-2.20,-0.14,-3.86
52.00,7442.00,-2.23,-0.14,-3.73
1580.00,7419.00,-2.63,-0.14,-2.83
57.00,7433.00,-2.51,-0.14,-3.00
416.00,7590.00,-2.28,-0.14,-3.54
7.00,596.00,-2.20,-0.14,-3.89
5341.00,515.00,-2.28,-0.14,-3.56
57.00,112.00,-2.13,-0.14,-4.43
64.00,7569.00,-2.09,-0.14,-4.94
774.00,7448.00,-3.41,-0.14,-2.34
495.00,7557.00,-4.07,-0.14,-2.19
122.00,7555.00,-2.17,-0.14,-4.19
52.00,7594.00,-2.25,-0.14,-3.77
424.00,7569.00,-2.42,-0.14,-3.22
4.00,7422.00,-2.21,-0.14,-4.01
23.00,797.00,-2.14,-0.14,-4.64
1387.00,7272.00,-3.88,-0.14,-2.24
14.00,399.00,-2.31,-0.14,-3.56
10.00,7587.00,-2.34,-0.14,-3.48
7.00,381.00,-2.18,-0.14,-4.30
7564.00,5341.00,-2.35,-0.14,-3.48
277.00,7564.00,-2.49,-0.13,-3.17
5341.00,382.00,-2.24,-0.13,-4.01
366.00,7586.00,-2.97,-0.13,-2.61
125.00,689.00,-2.35,-0.13,-3.53
823.00,442.00,-2.32,-0.13,-3.63
29.00,7379.00,-2.22,-0.13,-4.18
8.00,7567.00,-2.32,-0.13,-3.65
29.00,7390.00,-2.31,-0.13,-3.72
7.00,601.00,-2.26,-0.13,-3.93
207.00,7577.00,-4.20,-0.13,-2.22
533.00,7581.00,-2.71,-0.13,-2.87
176.00,7535.00,-2.36,-0.13,-3.56
176.00,7516.00,-2.41,-0.13,-3.42
12.00,7564.00,-2.25,-0.13,-4.10
63.00,7414.00,-2.32,-0.13,-3.72
7.00,188.00,-2.26,-0.13,-4.04
7.00,2353.00,-2.39,-0.13,-3.48
110.00,7511.00,-2.24,-0.13,-4.17
285.00,7602.00,-2.21,-0.13,-4.38
14.00,7378.00,-2.37,-0.13,-3.58
790.00,7395.00,-2.67,-0.13,-2.95
790.00,7413.00,-2.67,-0.13,-2.95
6.00,7504.00,-2.30,-0.13,-3.87
57.00,7513.00,-2.22,-0.13,-4.40
336.00,7385.00,-2.62,-0.13,-3.03
63.00,175.00,-2.25,-0.13,-4.23
442.00,7563.00,-2.24,-0.13,-4.31
9.00,797.00,-2.22,-0.13,-4.51
7600.00,1690.00,-2.40,-0.13,-3.56
7535.00,158.00,-2.37,-0.13,-3.65
7518.00,540.00,-2.94,-0.13,-2.72
823.00,301.00,-2.47,-0.13,-3.37
7535.00,7552.00,-2.54,-0.13,-3.24
626.00,7548.00,-4.10,-0.13,-2.29
7439.00,144.00,-2.45,-0.13,-3.45
7.00,1345.00,-2.39,-0.13,-3.64
576.00,7575.00,-4.49,-0.13,-2.24
7.00,7411.00,-2.45,-0.13,-3.47
693.00,7587.00,-2.57,-0.12,-3.21
7.00,400.00,-2.23,-0.12,-4.60
442.00,7386.00,-2.46,-0.12,-3.46
23.00,7564.00,-2.32,-0.12,-3.98
2138.00,1291.00,-3.43,-0.12,-2.47
18.00,7445.00,-2.79,-0.12,-2.90
7.00,346.00,-2.24,-0.12,-4.60
7593.00,936.00,-2.47,-0.12,-3.45
276.00,7563.00,-2.24,-0.12,-4.69
7.00,318.00,-2.30,-0.12,-4.20
7.00,2394.00,-2.42,-0.12,-3.64
103.00,184.00,-2.26,-0.12,-4.52
87.00,7551.00,-2.24,-0.12,-4.81
36.00,7563.00,-2.23,-0.12,-4.89
2335.00,1387.00,-2.42,-0.12,-3.65
479.00,7532.00,-3.44,-0.12,-2.50
5341.00,1610.00,-2.50,-0.12,-3.44
165.00,7602.00,-2.22,-0.12,-5.30
1133.00,7561.00,-3.06,-0.12,-2.70
6.00,7503.00,-2.38,-0.12,-3.84
14.00,7392.00,-2.52,-0.12,-3.41
7.00,1793.00,-2.35,-0.12,-3.98
814.00,7580.00,-2.47,-0.12,-3.56
7.00,316.00,-2.43,-0.12,-3.69
48.00,7562.00,-2.47,-0.12,-3.55
14.00,187.00,-2.30,-0.12,-4.34
14.00,144.00,-2.27,-0.12,-4.63
255.00,7591.00,-2.81,-0.12,-2.96
372.00,7337.00,-3.47,-0.12,-2.51
552.00,7602.00,-2.34,-0.12,-4.14
1379.00,7345.00,-3.89,-0.12,-2.40
774.00,7588.00,-2.74,-0.12,-3.06
790.00,7563.00,-2.69,-0.12,-3.14
5341.00,5388.00,-2.42,-0.12,-3.83
12.00,429.00,-2.37,-0.12,-4.11
2335.00,6920.00,-2.73,-0.12,-3.10
2243.00,7599.00,-3.25,-0.12,-2.64
69.00,7602.00,-2.27,-0.12,-5.03
41.00,7581.00,-2.33,-0.12,-4.42
101.00,7563.00,-2.29,-0.12,-4.83
7.00,751.00,-2.43,-0.12,-3.86
21.00,7602.00,-2.26,-0.12,-5.40
42.00,5391.00,-2.57,-0.12,-3.44
10.00,7563.00,-2.32,-0.11,-4.54
69.00,7387.00,-2.44,-0.11,-3.87
7.00,451.00,-2.42,-0.11,-3.94
7.00,264.00,-2.35,-0.11,-4.35
205.00,7549.00,-2.54,-0.11,-3.53
85.00,3382.00,-2.53,-0.11,-3.57
7575.00,7393.00,-3.04,-0.11,-2.82
12.00,7477.00,-3.29,-0.11,-2.66
2335.00,3285.00,-2.66,-0.11,-3.30
150.00,7339.00,-2.82,-0.11,-3.05
7.00,330.00,-2.36,-0.11,-4.38
7.00,1194.00,-2.51,-0.11,-3.69
7.00,701.00,-2.49,-0.11,-3.78
374.00,7590.00,-2.50,-0.11,-3.75
244.00,176.00,-2.34,-0.11,-4.64
14.00,373.00,-2.45,-0.11,-3.94
5341.00,7426.00,-2.57,-0.11,-3.54
268.00,7414.00,-2.77,-0.11,-3.17
790.00,7519.00,-2.93,-0.11,-2.96
7.00,706.00,-2.44,-0.11,-4.04
192.00,7331.00,-3.11,-0.11,-2.81
5341.00,302.00,-2.48,-0.11,-3.87
5341.00,14.00,-2.40,-0.11,-4.28
448.00,7586.00,-3.42,-0.11,-2.65
7.00,649.00,-2.38,-0.11,-4.52
7.00,1882.00,-2.49,-0.11,-3.88
2379.00,7548.00,-5.15,-0.11,-2.33
823.00,59.00,-2.43,-0.11,-4.21
10.00,7444.00,-2.84,-0.11,-3.12
7.00,738.00,-2.50,-0.11,-3.92
187.00,1761.00,-2.55,-0.11,-3.71
269.00,7454.00,-3.71,-0.11,-2.56
1035.00,7514.00,-3.88,-0.11,-2.51
427.00,7599.00,-3.40,-0.11,-2.69
381.00,7588.00,-2.58,-0.11,-3.67
14.00,490.00,-2.37,-0.11,-4.81
176.00,7589.00,-2.49,-0.11,-4.03
7593.00,101.00,-2.66,-0.11,-3.49
6.00,7483.00,-2.50,-0.11,-4.01
94.00,144.00,-2.39,-0.11,-4.81
791.00,7452.00,-3.45,-0.10,-2.70
1693.00,7450.00,-2.86,-0.10,-3.18
7583.00,176.00,-2.86,-0.10,-3.19
7.00,491.00,-2.49,-0.10,-4.16
57.00,184.00,-2.38,-0.10,-5.05
29.00,7431.00,-2.77,-0.10,-3.35
357.00,7602.00,-2.43,-0.10,-4.65
0.00,7588.00,-2.44,-0.10,-4.55
1133.00,175.00,-2.90,-0.10,-3.17
87.00,7418.00,-2.52,-0.10,-4.09
85.00,7368.00,-2.70,-0.10,-3.55
790.00,7408.00,-2.87,-0.10,-3.22
7.00,371.00,-2.47,-0.10,-4.44
7.00,592.00,-2.52,-0.10,-4.18
4.00,7513.00,-2.46,-0.10,-4.57
29.00,1102.00,-2.56,-0.10,-4.04
72.00,7524.00,-2.55,-0.10,-4.07
3.00,7595.00,-2.51,-0.10,-4.38
176.00,5532.00,-2.77,-0.10,-3.48
280.00,490.00,-2.47,-0.10,-4.74
7.00,757.00,-2.60,-0.10,-3.98
707.00,5678.00,-2.66,-0.10,-3.77
167.00,7601.00,-2.72,-0.10,-3.62
7.00,456.00,-2.61,-0.10,-3.94
1682.00,7523.00,-3.07,-0.10,-3.08
125.00,7551.00,-2.54,-0.10,-4.34
7.00,546.00,-2.65,-0.10,-3.85
6.00,7594.00,-2.56,-0.10,-4.22
15.00,7437.00,-2.54,-0.10,-4.40
1158.00,3773.00,-2.77,-0.10,-3.55
195.00,7602.00,-2.47,-0.10,-5.03
178.00,7382.00,-3.86,-0.10,-2.66
268.00,7551.00,-2.66,-0.09,-3.87
7591.00,1645.00,-3.29,-0.09,-2.94
432.00,7540.00,-3.61,-0.09,-2.76
112.00,7579.00,-2.77,-0.09,-3.60
10.00,7537.00,-3.41,-0.09,-2.87
7594.00,7460.00,-4.12,-0.09,-2.61
7.00,590.00,-2.69,-0.09,-3.81
7397.00,7327.00,-3.03,-0.09,-3.19
101.00,7593.00,-2.81,-0.09,-3.54
7.00,1067.00,-2.64,-0.09,-4.06
42.00,7416.00,-2.74,-0.09,-3.73
144.00,7327.00,-2.64,-0.09,-4.07
0.00,7424.00,-2.96,-0.09,-3.30
7.00,267.00,-2.64,-0.09,-4.07
5341.00,7372.00,-2.68,-0.09,-3.90
176.00,7529.00,-3.73,-0.09,-2.74
7.00,1501.00,-2.68,-0.09,-3.95
182.00,7569.00,-2.58,-0.09,-4.43
507.00,7588.00,-3.11,-0.09,-3.14
8.00,7563.00,-2.52,-0.09,-5.04
638.00,7592.00,-3.54,-0.09,-2.85
1133.00,7399.00,-2.96,-0.09,-3.35
10.00,7576.00,-2.81,-0.09,-3.64
7601.00,187.00,-2.81,-0.09,-3.62
5341.00,688.00,-2.76,-0.09,-3.74
7598.00,187.00,-2.92,-0.09,-3.44
7.00,4016.00,-2.70,-0.09,-3.98
7.00,208.00,-2.61,-0.09,-4.38
86.00,7590.00,-2.60,-0.09,-4.52
6.00,7416.00,-2.79,-0.09,-3.75
14.00,7334.00,-2.60,-0.09,-4.54
181.00,7603.00,-3.03,-0.09,-3.31
7.00,584.00,-2.65,-0.09,-4.29
173.00,7342.00,-4.20,-0.09,-2.67
176.00,7598.00,-2.75,-0.09,-3.89
101.00,7328.00,-3.93,-0.09,-2.74
124.00,7430.00,-3.07,-0.09,-3.28
24.00,7547.00,-2.88,-0.09,-3.58
12.00,7602.00,-2.53,-0.09,-5.55
790.00,7570.00,-5.26,-0.09,-2.55
167.00,7598.00,-2.93,-0.09,-3.52
244.00,184.00,-2.56,-0.09,-5.14
7603.00,187.00,-3.18,-0.09,-3.20
124.00,7366.00,-3.17,-0.09,-3.21
7.00,779.00,-2.76,-0.09,-3.97
271.00,797.00,-2.62,-0.09,-4.70
92.00,7549.00,-2.66,-0.08,-4.52
7.00,1103.00,-2.75,-0.08,-4.06
613.00,7519.00,-2.68,-0.08,-4.41
8.00,7386.00,-2.73,-0.08,-4.18
42.00,7377.00,-2.88,-0.08,-3.72
87.00,7542.00,-3.35,-0.08,-3.09
823.00,800.00,-2.80,-0.08,-3.95
823.00,2827.00,-3.12,-0.08,-3.32
86.00,7414.00,-2.81,-0.08,-3.94
47.00,7603.00,-2.82,-0.08,-3.89
84.00,1321.00,-2.85,-0.08,-3.84
7597.00,187.00,-3.07,-0.08,-3.43
4.00,7456.00,-3.44,-0.08,-3.07
7.00,4720.00,-3.16,-0.08,-3.33
5341.00,446.00,-2.84,-0.08,-3.91
2335.00,84.00,-2.69,-0.08,-4.55
2335.00,7397.00,-2.90,-0.08,-3.76
7.00,664.00,-2.78,-0.08,-4.13
82.00,7599.00,-2.85,-0.08,-3.91
543.00,7546.00,-4.31,-0.08,-2.74
81.00,7590.00,-2.70,-0.08,-4.55
29.00,176.00,-2.68,-0.08,-4.70
441.00,7510.00,-4.04,-0.08,-2.81
4.00,7478.00,-3.48,-0.08,-3.07
4.00,7479.00,-3.48,-0.08,-3.07
18.00,7584.00,-3.01,-0.08,-3.58
34.00,7561.00,-3.02,-0.08,-3.56
50.00,7579.00,-2.72,-0.08,-4.47
7.00,146.00,-2.79,-0.08,-4.15
329.00,7599.00,-3.17,-0.08,-3.36
1690.00,112.00,-2.69,-0.08,-4.69
149.00,7598.00,-2.79,-0.08,-4.21
36.00,7447.00,-3.73,-0.08,-2.95
9.00,7563.00,-2.67,-0.08,-4.96
5341.00,685.00,-2.92,-0.08,-3.81
5341.00,293.00,-3.03,-0.08,-3.58
205.00,7520.00,-2.98,-0.08,-3.67
176.00,7583.00,-2.93,-0.08,-3.78
7549.00,797.00,-2.85,-0.08,-4.01
7465.00,7557.00,-6.32,-0.08,-2.60
2047.00,7560.00,-3.16,-0.08,-3.40
966.00,7580.00,-3.13,-0.08,-3.43
86.00,7551.00,-2.72,-0.08,-4.66
94.00,123.00,-2.62,-0.08,-5.93
3.00,7588.00,-2.74,-0.08,-4.52
165.00,7516.00,-2.82,-0.08,-4.15
7.00,968.00,-2.85,-0.08,-4.04
5341.00,1234.00,-2.92,-0.08,-3.87
790.00,7394.00,-3.69,-0.08,-3.01
646.00,7502.00,-3.59,-0.08,-3.06
368.00,7603.00,-3.68,-0.08,-3.02
178.00,7602.00,-2.73,-0.08,-4.77
205.00,7530.00,-3.24,-0.08,-3.37
156.00,7599.00,-2.96,-0.08,-3.83
225.00,7518.00,-3.59,-0.08,-3.09
277.00,7602.00,-2.76,-0.08,-4.61
540.00,7518.00,-3.72,-0.08,-3.02
7371.00,7563.00,-2.88,-0.08,-4.07
7590.00,7421.00,-4.81,-0.08,-2.74
85.00,468.00,-2.85,-0.08,-4.18
21.00,7534.00,-3.38,-0.08,-3.26
7564.00,176.00,-2.96,-0.07,-3.89
7600.00,187.00,-3.09,-0.07,-3.64
7564.00,7503.00,-3.25,-0.07,-3.41
823.00,490.00,-2.83,-0.07,-4.38
7516.00,144.00,-2.99,-0.07,-3.86
176.00,7582.00,-2.94,-0.07,-3.99
52.00,7587.00,-2.97,-0.07,-3.93
47.00,7510.00,-3.39,-0.07,-3.29
5341.00,225.00,-2.76,-0.07,-4.88
329.00,7554.00,-4.12,-0.07,-2.91
158.00,7564.00,-2.89,-0.07,-4.19
7.00,3515.00,-2.91,-0.07,-4.14
81.00,7567.00,-3.00,-0.07,-3.88
72.00,7463.00,-4.10,-0.07,-2.93
105.00,7581.00,-2.78,-0.07,-4.86
86.00,7472.00,-4.31,-0.07,-2.88
103.00,7559.00,-3.00,-0.07,-3.92
103.00,7551.00,-2.83,-0.07,-4.56
21.00,7599.00,-2.90,-0.07,-4.25
167.00,7597.00,-3.18,-0.07,-3.60
176.00,7580.00,-2.89,-0.07,-4.31
285.00,7578.00,-3.15,-0.07,-3.65
176.00,7597.00,-3.00,-0.07,-3.97
5341.00,4933.00,-3.06,-0.07,-3.85
2335.00,399.00,-3.02,-0.07,-3.95
86.00,7541.00,-4.00,-0.07,-3.00
42.00,7512.00,-3.01,-0.07,-4.00
42.00,7482.00,-2.98,-0.07,-4.07
3.00,7581.00,-2.85,-0.07,-4.59
14.00,468.00,-2.93,-0.07,-4.23
57.00,7531.00,-3.08,-0.07,-3.84
5341.00,1327.00,-3.14,-0.07,-3.73
79.00,7598.00,-2.95,-0.07,-4.23
7.00,811.00,-2.97,-0.07,-4.17
25.00,7601.00,-2.92,-0.07,-4.36
8.00,7533.00,-3.55,-0.07,-3.28
7.00,1578.00,-2.99,-0.07,-4.14
7327.00,7563.00,-2.95,-0.07,-4.30
176.00,7600.00,-2.99,-0.07,-4.16
9.00,7398.00,-3.91,-0.07,-3.08
85.00,7385.00,-3.09,-0.07,-3.91
57.00,7590.00,-2.84,-0.07,-4.96
37.00,7453.00,-3.27,-0.07,-3.60
6.00,7512.00,-3.05,-0.07,-4.02
6.00,7482.00,-3.03,-0.07,-4.09
37.00,7455.00,-3.23,-0.07,-3.68
167.00,7600.00,-3.16,-0.07,-3.79
172.00,7558.00,-3.66,-0.07,-3.24
129.00,7603.00,-3.15,-0.07,-3.83
124.00,7567.00,-3.00,-0.07,-4.22
4.00,7574.00,-2.91,-0.07,-4.71
288.00,7466.00,-3.70,-0.07,-3.25
758.00,7596.00,-3.78,-0.07,-3.21
328.00,7603.00,-3.56,-0.06,-3.38
7.00,7434.00,-3.07,-0.06,-4.13
144.00,7439.00,-3.18,-0.06,-3.88
149.00,7597.00,-3.03,-0.06,-4.29
2335.00,7392.00,-3.23,-0.06,-3.81
84.00,176.00,-2.97,-0.06,-4.60
5532.00,144.00,-3.23,-0.06,-3.82
7.00,3128.00,-3.07,-0.06,-4.22
140.00,7480.00,-4.21,-0.06,-3.07
1690.00,7508.00,-2.99,-0.06,-4.50
29.00,7420.00,-3.22,-0.06,-3.87
5341.00,7417.00,-3.45,-0.06,-3.54
823.00,112.00,-3.13,-0.06,-4.07
44.00,7394.00,-2.97,-0.06,-4.66
0.00,7347.00,-3.34,-0.06,-3.68
142.00,7603.00,-3.71,-0.06,-3.32
7.00,2820.00,-3.10,-0.06,-4.20
7598.00,176.00,-3.33,-0.06,-3.72
7.00,1178.00,-3.05,-0.06,-4.37
9.00,7576.00,-3.16,-0.06,-4.06
217.00,7603.00,-4.12,-0.06,-3.14
516.00,7602.00,-3.25,-0.06,-3.87
14.00,184.00,-2.93,-0.06,-5.13
1567.00,7596.00,-4.66,-0.06,-3.00
5341.00,7391.00,-3.55,-0.06,-3.48
6.00,7566.00,-3.67,-0.06,-3.38
178.00,7599.00,-3.40,-0.06,-3.65
122.00,7539.00,-3.60,-0.06,-3.44
252.00,7556.00,-4.20,-0.06,-3.13
57.00,337.00,-3.09,-0.06,-4.33
144.00,7333.00,-3.12,-0.06,-4.26
59.00,7572.00,-3.61,-0.06,-3.47
7603.00,176.00,-3.59,-0.06,-3.49
2335.00,187.00,-3.01,-0.06,-4.74
8.00,1291.00,-3.06,-0.06,-4.52
57.00,7551.00,-2.96,-0.06,-5.09
187.00,123.00,-2.91,-0.06,-5.70
497.00,7383.00,-4.45,-0.06,-3.08
7.00,526.00,-3.19,-0.06,-4.12
2335.00,144.00,-2.98,-0.06,-5.03
7393.00,7575.00,-3.90,-0.06,-3.30
69.00,7579.00,-3.13,-0.06,-4.37
7.00,6791.00,-3.22,-0.06,-4.12
7.00,1583.00,-3.22,-0.06,-4.12
490.00,175.00,-3.04,-0.06,-4.82
18.00,7562.00,-3.24,-0.06,-4.08
165.00,5532.00,-3.19,-0.06,-4.22
57.00,7348.00,-4.69,-0.06,-3.07
38.00,7532.00,-3.36,-0.06,-3.88
7597.00,176.00,-3.48,-0.06,-3.71
7393.00,7570.00,-3.94,-0.06,-3.33
38.00,7603.00,-3.17,-0.06,-4.34
8.00,7599.00,-3.20,-0.06,-4.25
25.00,7577.00,-4.31,-0.06,-3.18
144.00,7549.00,-3.14,-0.06,-4.50
79.00,7597.00,-3.20,-0.06,-4.31
189.00,7579.00,-3.17,-0.06,-4.40
14.00,7365.00,-4.01,-0.06,-3.33
14.00,7329.00,-4.01,-0.06,-3.33
127.00,7596.00,-3.57,-0.06,-3.67
21.00,7579.00,-3.11,-0.05,-4.74
67.00,7599.00,-3.30,-0.05,-4.12
4.00,7549.00,-3.12,-0.05,-4.84
23.00,7599.00,-3.27,-0.05,-4.30
271.00,7563.00,-3.09,-0.05,-5.16
42.00,7587.00,-3.25,-0.05,-4.37
1133.00,7602.00,-3.28,-0.05,-4.29
2335.00,490.00,-3.09,-0.05,-5.22
7535.00,144.00,-3.28,-0.05,-4.32
4.00,7590.00,-3.10,-0.05,-5.14
21.00,7578.00,-3.19,-0.05,-4.67
35.00,7596.00,-3.41,-0.05,-4.06
4.00,7502.00,-3.44,-0.05,-4.01
4.00,7584.00,-3.45,-0.05,-4.00
7600.00,176.00,-3.50,-0.05,-3.93
7.00,878.00,-3.39,-0.05,-4.13
646.00,7543.00,-5.41,-0.05,-3.10
1690.00,7594.00,-3.21,-0.05,-4.71
6.00,7587.00,-3.30,-0.05,-4.40
374.00,7577.00,-5.22,-0.05,-3.13
57.00,7521.00,-3.27,-0.05,-4.56
57.00,7522.00,-3.27,-0.05,-4.55
0.00,7556.00,-3.49,-0.05,-4.02
92.00,7467.00,-3.86,-0.05,-3.60
646.00,7522.00,-3.67,-0.05,-3.79
646.00,7521.00,-3.67,-0.05,-3.79
33.00,7596.00,-3.55,-0.05,-3.96
31.00,7582.00,-3.24,-0.05,-4.76
244.00,7561.00,-3.30,-0.05,-4.50
116.00,7424.00,-4.14,-0.05,-3.45
92.00,7468.00,-3.92,-0.05,-3.58
92.00,7341.00,-3.92,-0.05,-3.58
210.00,7591.00,-3.86,-0.05,-3.63
6.00,7505.00,-3.27,-0.05,-4.65
144.00,7564.00,-3.36,-0.05,-4.41
244.00,7559.00,-3.32,-0.05,-4.55
7.00,5678.00,-3.34,-0.05,-4.49
113.00,7369.00,-4.22,-0.05,-3.44
154.00,7546.00,-3.83,-0.05,-3.74
52.00,7462.00,-4.52,-0.05,-3.37
7552.00,7602.00,-3.26,-0.05,-4.96
15.00,7586.00,-3.46,-0.05,-4.28
57.00,7520.00,-3.31,-0.05,-4.80
50.00,7591.00,-3.80,-0.05,-3.81
8.00,7601.00,-3.31,-0.05,-4.84
178.00,7601.00,-3.51,-0.05,-4.24
4.00,7567.00,-3.41,-0.05,-4.47
46.00,7601.00,-3.32,-0.05,-4.84
7397.00,7551.00,-3.63,-0.04,-4.05
50.00,7572.00,-3.73,-0.04,-3.92
7.00,2030.00,-3.60,-0.04,-4.11
6.00,7527.00,-3.55,-0.04,-4.21
5.00,7586.00,-3.44,-0.04,-4.48
52.00,7544.00,-4.51,-0.04,-3.44
10.00,7582.00,-3.52,-0.04,-4.34
133.00,7603.00,-4.32,-0.04,-3.53
67.00,7601.00,-3.41,-0.04,-4.71
7.00,4933.00,-3.47,-0.04,-4.54
63.00,7364.00,-4.15,-0.04,-3.65
187.00,7459.00,-5.05,-0.04,-3.34
155.00,7603.00,-3.49,-0.04,-4.55
10.00,7591.00,-4.31,-0.04,-3.59
110.00,7538.00,-4.64,-0.04,-3.47
326.00,7603.00,-4.08,-0.04,-3.75
1133.00,7579.00,-4.19,-0.04,-3.68
7517.00,7602.00,-3.56,-0.04,-4.43
311.00,7603.00,-3.95,-0.04,-3.86
258.00,7603.00,-3.87,-0.04,-3.95
178.00,7598.00,-3.73,-0.04,-4.14
5341.00,679.00,-3.48,-0.04,-4.78
10.00,7572.00,-4.24,-0.04,-3.70
94.00,7338.00,-4.43,-0.04,-3.60
57.00,7530.00,-3.57,-0.04,-4.50
646.00,7544.00,-5.33,-0.04,-3.37
259.00,7603.00,-3.56,-0.04,-4.56
300.00,7603.00,-4.46,-0.04,-3.61
14.00,7414.00,-3.61,-0.04,-4.47
6.00,7585.00,-3.65,-0.04,-4.40
187.00,7550.00,-3.93,-0.04,-4.00
85.00,7559.00,-3.61,-0.04,-4.50
2335.00,7363.00,-4.93,-0.04,-3.48
84.00,7502.00,-4.01,-0.04,-3.92
85.00,7551.00,-3.44,-0.04,-5.14
4.00,7521.00,-3.53,-0.04,-4.75
4.00,7522.00,-3.54,-0.04,-4.75
46.00,7598.00,-3.54,-0.04,-4.75
144.00,7587.00,-3.65,-0.04,-4.46
44.00,7588.00,-3.49,-0.04,-5.03
1158.00,7527.00,-4.27,-0.04,-3.77
2.00,7603.00,-3.57,-0.04,-4.80
67.00,7598.00,-3.63,-0.04,-4.62
84.00,7333.00,-3.68,-0.04,-4.50
14.00,175.00,-3.54,-0.04,-4.98
124.00,7501.00,-4.32,-0.04,-3.79
4.00,7562.00,-3.69,-0.04,-4.52
14.00,7551.00,-3.52,-0.04,-5.19
42.00,7500.00,-4.46,-0.04,-3.75
2335.00,468.00,-3.67,-0.04,-4.66
24.00,7592.00,-3.73,-0.04,-4.53
115.00,7603.00,-3.61,-0.04,-4.87
4.00,7520.00,-3.58,-0.04,-4.99
6.00,7553.00,-3.66,-0.04,-4.74
7594.00,7555.00,-3.90,-0.03,-4.29
6.00,7500.00,-4.52,-0.03,-3.77
823.00,7414.00,-4.10,-0.03,-4.06
317.00,7603.00,-4.15,-0.03,-4.02
7517.00,7579.00,-4.46,-0.03,-3.82
178.00,7597.00,-3.98,-0.03,-4.23
12.00,7548.00,-4.31,-0.03,-3.93
19.00,7546.00,-4.26,-0.03,-3.97
187.00,7333.00,-3.84,-0.03,-4.47
144.00,7501.00,-4.77,-0.03,-3.71
14.00,7399.00,-3.61,-0.03,-5.17
243.00,7583.00,-3.90,-0.03,-4.40
8.00,7536.00,-4.42,-0.03,-3.91
153.00,7603.00,-3.67,-0.03,-5.02
7.00,5445.00,-4.01,-0.03,-4.29
6.00,7573.00,-4.64,-0.03,-3.82
60.00,7603.00,-4.02,-0.03,-4.29
1158.00,7585.00,-4.37,-0.03,-3.97
64.00,7603.00,-3.76,-0.03,-4.83
7.00,7360.00,-4.88,-0.03,-3.78
7.00,7458.00,-4.88,-0.03,-3.78
7.00,7358.00,-4.88,-0.03,-3.78
7.00,7350.00,-4.88,-0.03,-3.78
7.00,7354.00,-4.88,-0.03,-3.78
7.00,7352.00,-4.88,-0.03,-3.78
7.00,7349.00,-4.88,-0.03,-3.78
7.00,7357.00,-4.88,-0.03,-3.78
7.00,7380.00,-4.88,-0.03,-3.78
7.00,7344.00,-4.88,-0.03,-3.78
7.00,7487.00,-4.88,-0.03,-3.78
7.00,7407.00,-4.88,-0.03,-3.78
7.00,7473.00,-4.88,-0.03,-3.78
7.00,7493.00,-4.88,-0.03,-3.78
7.00,7470.00,-4.88,-0.03,-3.78
7.00,7469.00,-4.88,-0.03,-3.78
7.00,7346.00,-4.88,-0.03,-3.78
197.00,7603.00,-4.13,-0.03,-4.26
89.00,7571.00,-4.58,-0.03,-3.93
8.00,7600.00,-3.77,-0.03,-5.02
67.00,7597.00,-3.89,-0.03,-4.70
144.00,7593.00,-4.18,-0.03,-4.28
90.00,7545.00,-4.66,-0.03,-3.95
167.00,7603.00,-4.30,-0.03,-4.20
42.00,7599.00,-3.95,-0.03,-4.68
64.00,7571.00,-4.50,-0.03,-4.05
7396.00,7375.00,-5.05,-0.03,-3.82
57.00,7543.00,-4.98,-0.03,-3.84
67.00,7600.00,-3.87,-0.03,-4.90
707.00,7488.00,-5.15,-0.03,-3.80
707.00,7489.00,-5.15,-0.03,-3.80
707.00,7494.00,-5.15,-0.03,-3.80
707.00,7491.00,-5.15,-0.03,-3.80
707.00,7490.00,-5.15,-0.03,-3.80
707.00,7486.00,-5.15,-0.03,-3.80
707.00,7495.00,-5.15,-0.03,-3.80
707.00,7381.00,-5.15,-0.03,-3.80
707.00,7492.00,-5.15,-0.03,-3.80
707.00,7485.00,-5.15,-0.03,-3.80
44.00,7575.00,-4.46,-0.03,-4.13
6.00,7599.00,-4.00,-0.03,-4.70
99.00,7603.00,-4.01,-0.03,-4.69
87.00,7558.00,-4.62,-0.03,-4.07
613.00,7575.00,-4.93,-0.03,-3.93
680.00,7563.00,-3.99,-0.03,-4.80
44.00,7570.00,-4.50,-0.03,-4.16
110.00,7601.00,-4.00,-0.03,-4.81
163.00,1392.00,-3.86,-0.03,-5.21
7.00,753.00,-3.77,-0.03,-5.79
34.00,7579.00,-4.17,-0.03,-4.56
613.00,7570.00,-4.97,-0.03,-3.97
5.00,7603.00,-3.94,-0.03,-5.09
57.00,7421.00,-5.37,-0.03,-3.91
57.00,7599.00,-4.07,-0.02,-4.92
227.00,7603.00,-4.30,-0.02,-4.60
7.00,7422.00,-4.03,-0.02,-5.14
110.00,7598.00,-4.22,-0.02,-4.72
7.00,213.00,-3.90,-0.02,-5.69
62.00,7603.00,-4.16,-0.02,-4.89
5341.00,356.00,-4.06,-0.02,-5.14
4.00,7543.00,-5.25,-0.02,-4.04
48.00,7596.00,-4.55,-0.02,-4.43
42.00,7601.00,-4.06,-0.02,-5.28
6.00,7589.00,-4.06,-0.02,-5.33
7.00,1321.00,-4.14,-0.02,-5.10
42.00,7554.00,-4.90,-0.02,-4.23
144.00,7516.00,-4.31,-0.02,-4.78
29.00,7602.00,-3.94,-0.02,-6.23
6.00,7601.00,-4.12,-0.02,-5.30
144.00,7599.00,-4.35,-0.02,-4.78
14.00,7602.00,-3.96,-0.02,-6.14
23.00,7547.00,-4.69,-0.02,-4.43
244.00,7599.00,-4.26,-0.02,-5.03
79.00,7603.00,-4.33,-0.02,-4.91
800.00,7603.00,-4.59,-0.02,-4.63
135.00,7603.00,-4.49,-0.02,-4.77
5341.00,7550.00,-4.65,-0.02,-4.61
5341.00,7594.00,-4.33,-0.02,-5.09
42.00,7598.00,-4.29,-0.02,-5.19
7.00,7506.00,-4.46,-0.02,-4.87
14.00,7576.00,-4.44,-0.02,-4.91
490.00,7601.00,-4.24,-0.02,-5.45
2335.00,7559.00,-4.45,-0.02,-4.99
7401.00,7510.00,-5.91,-0.02,-4.16
329.00,7603.00,-4.88,-0.02,-4.55
1690.00,7573.00,-5.32,-0.02,-4.35
25.00,7603.00,-4.52,-0.02,-4.96
42.00,7583.00,-4.47,-0.02,-5.08
271.00,7595.00,-4.39,-0.02,-5.27
6.00,7539.00,-5.25,-0.02,-4.40
94.00,7573.00,-5.41,-0.02,-4.34
357.00,7603.00,-4.81,-0.02,-4.71
6.00,7557.00,-5.25,-0.02,-4.43
248.00,7603.00,-4.81,-0.02,-4.71
171.00,7603.00,-4.60,-0.02,-4.98
144.00,5532.00,-4.70,-0.02,-4.87
57.00,7577.00,-5.58,-0.02,-4.35
82.00,7603.00,-4.56,-0.02,-5.09
42.00,7582.00,-4.49,-0.02,-5.30
29.00,7516.00,-4.58,-0.02,-5.12
490.00,7598.00,-4.46,-0.02,-5.36
244.00,7496.00,-5.08,-0.02,-4.60
29.00,7535.00,-4.53,-0.02,-5.26
156.00,7603.00,-4.67,-0.02,-5.03
29.00,7599.00,-4.62,-0.02,-5.12
42.00,7597.00,-4.55,-0.02,-5.28
6.00,7424.00,-5.39,-0.02,-4.50
1158.00,7601.00,-4.84,-0.02,-4.87
42.00,7600.00,-4.54,-0.02,-5.47
1158.00,7598.00,-5.07,-0.01,-4.78
244.00,7558.00,-5.59,-0.01,-4.51
32.00,7603.00,-4.75,-0.01,-5.11
1690.00,7599.00,-4.68,-0.01,-5.23
94.00,2256.00,-4.65,-0.01,-5.30
271.00,7575.00,-5.61,-0.01,-4.53
7603.00,7602.00,-4.86,-0.01,-5.03
110.00,7588.00,-4.73,-0.01,-5.25
195.00,7603.00,-4.85,-0.01,-5.09
271.00,7570.00,-5.64,-0.01,-4.57
7597.00,7602.00,-4.75,-0.01,-5.26
94.00,7599.00,-4.77,-0.01,-5.23
178.00,7603.00,-5.13,-0.01,-4.85
215.00,7603.00,-4.78,-0.01,-5.25
7563.00,7595.00,-4.79,-0.01,-5.27
5341.00,7564.00,-4.81,-0.01,-5.25
7.00,7491.00,-5.86,-0.01,-4.56
7.00,7490.00,-5.86,-0.01,-4.56
7.00,7486.00,-5.86,-0.01,-4.56
7.00,7489.00,-5.86,-0.01,-4.56
7.00,7492.00,-5.86,-0.01,-4.56
7.00,7381.00,-5.86,-0.01,-4.56
7.00,7485.00,-5.86,-0.01,-4.56
7.00,7495.00,-5.86,-0.01,-4.56
7.00,7494.00,-5.86,-0.01,-4.56
7.00,7488.00,-5.86,-0.01,-4.56
490.00,7597.00,-4.72,-0.01,-5.45
7513.00,7603.00,-5.20,-0.01,-4.90
1158.00,7597.00,-5.33,-0.01,-4.87
490.00,7600.00,-4.71,-0.01,-5.64
29.00,5532.00,-4.97,-0.01,-5.21
14.00,7579.00,-4.86,-0.01,-5.53
67.00,7603.00,-5.03,-0.01,-5.33
1690.00,7601.00,-4.80,-0.01,-5.83
29.00,7578.00,-4.92,-0.01,-5.55
7.00,7574.00,-4.79,-0.01,-5.90
5341.00,7587.00,-5.10,-0.01,-5.31
187.00,7539.00,-6.34,-0.01,-4.71
5341.00,7537.00,-6.21,-0.01,-4.74
29.00,7557.00,-5.87,-0.01,-4.86
94.00,7601.00,-4.89,-0.01,-5.83
271.00,7556.00,-5.73,-0.01,-4.94
84.00,7601.00,-5.04,-0.01,-5.63
94.00,7579.00,-4.99,-0.01,-5.72
7.00,7542.00,-6.28,-0.01,-4.82
1690.00,7598.00,-5.02,-0.01,-5.74
271.00,7571.00,-6.28,-0.01,-4.85
169.00,7603.00,-5.74,-0.01,-5.05
7.00,7541.00,-6.42,-0.01,-4.84
72.00,7603.00,-5.35,-0.01,-5.36
5341.00,7593.00,-5.65,-0.01,-5.14
187.00,7601.00,-5.20,-0.01,-5.61
5341.00,7585.00,-5.46,-0.01,-5.32
84.00,7598.00,-5.26,-0.01,-5.55
187.00,7578.00,-5.39,-0.01,-5.44
94.00,7583.00,-5.29,-0.01,-5.63
7594.00,7603.00,-5.89,-0.01,-5.15
1690.00,7597.00,-5.28,-0.01,-5.83
110.00,7603.00,-5.63,-0.01,-5.44
1690.00,7600.00,-5.27,-0.01,-6.03
5341.00,7529.00,-7.13,-0.01,-5.00
84.00,7597.00,-5.53,-0.01,-5.64
94.00,7580.00,-5.26,-0.01,-6.17
94.00,7600.00,-5.36,-0.01,-6.02
84.00,7600.00,-5.51,-0.01,-5.83
94.00,7547.00,-6.21,-0.01,-5.38
187.00,7600.00,-5.68,-0.01,-5.80
5341.00,7555.00,-5.57,-0.01,-6.01
271.00,7592.00,-6.11,-0.01,-5.52
42.00,7603.00,-5.70,-0.01,-5.91
6.00,7603.00,-5.75,-0.01,-5.93
1158.00,7603.00,-6.48,-0.01,-5.51
57.00,7603.00,-5.82,-0.01,-6.15
490.00,7603.00,-5.88,-0.01,-6.09
7.00,7602.00,-5.57,-0.00,-7.45
244.00,7603.00,-6.02,-0.00,-6.26
5341.00,7583.00,-6.34,-0.00,-6.05
29.00,7603.00,-6.38,-0.00,-6.36
5341.00,7580.00,-6.31,-0.00,-6.58
1690.00,7603.00,-6.44,-0.00,-6.47
94.00,7603.00,-6.53,-0.00,-6.47
187.00,7603.00,-6.85,-0.00,-6.25
7.00,7557.00,-7.51,-0.00,-6.09
2335.00,7603.00,-7.17,-0.00,-6.73
7.00,7596.00,-7.77,-0.00,-6.70
