545.00,2641.00,-0.06,-3.29,-4.10
3597.00,3987.00,-0.10,-2.68,-3.59
5024.00,5226.00,-0.15,-2.63,-2.72
1965.00,1316.00,-0.48,-2.22,-1.31
2944.00,893.00,-0.90,-2.12,-0.75
5383.00,3987.00,-0.35,-2.10,-1.77
2941.00,2387.00,-0.16,-2.09,-3.57
3836.00,1333.00,-0.20,-1.91,-3.35
538.00,3668.00,-0.26,-1.91,-2.53
545.00,56.00,-0.19,-1.91,-3.61
538.00,2387.00,-0.27,-1.86,-2.49
4290.00,4859.00,-0.21,-1.79,-3.63
4085.00,3365.00,-0.54,-1.79,-1.38
396.00,259.00,-3.42,-1.77,-0.23
1192.00,627.00,-2.02,-1.75,-0.37
2591.00,2066.00,-0.39,-1.73,-1.91
4157.00,1333.00,-0.35,-1.73,-2.13
3975.00,1743.00,-0.27,-1.72,-2.91
2880.00,2634.00,-0.44,-1.70,-1.75
5728.00,3987.00,-0.46,-1.67,-1.71
4106.00,1333.00,-0.25,-1.64,-3.69
279.00,1849.00,-0.27,-1.63,-3.13
3602.00,3577.00,-0.41,-1.61,-1.99
4650.00,4658.00,-2.56,-1.61,-0.33
3366.00,1333.00,-0.48,-1.54,-1.78
4650.00,4646.00,-2.92,-1.53,-0.32
3272.00,2295.00,-0.37,-1.52,-2.37
831.00,491.00,-0.28,-1.52,-3.57
4811.00,4171.00,-0.51,-1.52,-1.70
4024.00,2047.00,-1.49,-1.52,-0.59
2641.00,2261.00,-0.30,-1.46,-3.66
2251.00,1831.00,-0.31,-1.44,-3.56
3659.00,360.00,-0.57,-1.43,-1.65
3485.00,1197.00,-1.75,-1.43,-0.53
3039.00,56.00,-0.35,-1.42,-2.92
1751.00,1395.00,-0.41,-1.42,-2.39
2408.00,522.00,-0.43,-1.42,-2.21
3797.00,1093.00,-0.59,-1.39,-1.63
1654.00,1689.00,-0.66,-1.39,-1.46
3344.00,3706.00,-0.33,-1.38,-3.44
5440.00,4171.00,-0.51,-1.38,-1.93
2858.00,633.00,-0.63,-1.36,-1.55
3703.00,4059.00,-1.60,-1.36,-0.62
12.00,1280.00,-0.35,-1.35,-3.29
4845.00,4843.00,-1.97,-1.34,-0.51
1565.00,1351.00,-0.35,-1.34,-3.52
5509.00,1351.00,-0.73,-1.34,-1.36
5686.00,2166.00,-1.06,-1.33,-0.94
3796.00,2265.00,-0.48,-1.31,-2.21
3671.00,3664.00,-3.98,-1.30,-0.34
4157.00,1809.00,-0.53,-1.30,-1.97
5732.00,5226.00,-0.77,-1.29,-1.35
3376.00,3853.00,-0.53,-1.28,-2.00
5095.00,1809.00,-1.36,-1.26,-0.78
4884.00,4882.00,-2.65,-1.26,-0.44
5472.00,1809.00,-0.64,-1.26,-1.67
5315.00,1809.00,-0.43,-1.25,-2.77
3039.00,269.00,-0.44,-1.24,-2.74
2232.00,2537.00,-0.56,-1.23,-2.01
191.00,3639.00,-0.49,-1.23,-2.37
831.00,63.00,-0.40,-1.22,-3.45
3688.00,2027.00,-0.90,-1.21,-1.22
5732.00,3987.00,-0.96,-1.21,-1.14
2631.00,1809.00,-0.79,-1.21,-1.41
2012.00,445.00,-0.66,-1.19,-1.70
6.00,1486.00,-0.42,-1.18,-3.25
2847.00,134.00,-0.53,-1.18,-2.27
5831.00,3344.00,-1.07,-1.18,-1.05
2296.00,1954.00,-0.94,-1.17,-1.20
5362.00,2599.00,-0.43,-1.17,-3.27
1718.00,1966.00,-0.56,-1.17,-2.16
203.00,3718.00,-0.53,-1.16,-2.31
4134.00,4181.00,-2.67,-1.16,-0.48
201.00,1947.00,-0.44,-1.16,-3.27
3464.00,3597.00,-0.44,-1.15,-3.22
341.00,134.00,-0.53,-1.15,-2.36
1745.00,2027.00,-0.56,-1.14,-2.25
6.00,1267.00,-0.49,-1.12,-2.81
5479.00,3450.00,-0.83,-1.12,-1.44
1333.00,1385.00,-0.43,-1.11,-3.75
1764.00,2066.00,-0.50,-1.11,-2.71
2044.00,544.00,-0.47,-1.11,-3.01
2384.00,1845.00,-1.14,-1.11,-1.05
2463.00,4399.00,-0.76,-1.11,-1.59
4003.00,451.00,-0.61,-1.11,-2.08
544.00,1565.00,-0.47,-1.10,-3.20
2044.00,114.00,-0.49,-1.09,-2.93
5628.00,2044.00,-0.82,-1.09,-1.51
1898.00,2027.00,-0.45,-1.09,-3.79
4290.00,3721.00,-0.45,-1.08,-3.83
1301.00,831.00,-0.66,-1.08,-1.94
1842.00,759.00,-1.02,-1.08,-1.21
2386.00,3775.00,-1.69,-1.08,-0.74
0.00,904.00,-0.45,-1.08,-3.75
2847.00,2724.00,-0.53,-1.08,-2.67
2732.00,80.00,-0.72,-1.07,-1.77
4535.00,5185.00,-2.07,-1.07,-0.63
3102.00,2027.00,-0.86,-1.07,-1.45
3272.00,1402.00,-0.76,-1.07,-1.66
4610.00,411.00,-0.52,-1.07,-2.75
2523.00,3639.00,-0.54,-1.07,-2.66
1770.00,414.00,-0.58,-1.06,-2.33
1730.00,904.00,-0.48,-1.06,-3.34
4482.00,2941.00,-0.96,-1.06,-1.30
2732.00,2724.00,-0.51,-1.06,-2.94
3040.00,2342.00,-3.27,-1.06,-0.49
3851.00,151.00,-1.55,-1.06,-0.82
3485.00,2404.00,-1.62,-1.06,-0.79
1375.00,3742.00,-1.35,-1.06,-0.94
4831.00,4794.00,-1.22,-1.05,-1.03
3718.00,545.00,-0.48,-1.05,-3.60
5033.00,4866.00,-0.89,-1.04,-1.44
3721.00,4290.00,-0.48,-1.03,-3.67
5365.00,4384.00,-0.74,-1.03,-1.80
4524.00,203.00,-2.70,-1.03,-0.55
5051.00,4243.00,-1.29,-1.02,-1.01
3987.00,3128.00,-0.47,-1.01,-4.38
1351.00,12.00,-0.52,-1.00,-3.24
3902.00,480.00,-0.56,-1.00,-2.80
2880.00,2265.00,-0.96,-1.00,-1.38
4591.00,3577.00,-0.56,-1.00,-2.82
2343.00,1351.00,-0.57,-0.99,-2.78
2228.00,2251.00,-0.91,-0.99,-1.49
2515.00,1809.00,-0.81,-0.98,-1.71
1017.00,728.00,-0.51,-0.98,-3.88
2936.00,74.00,-1.34,-0.97,-1.02
1655.00,1385.00,-0.59,-0.97,-2.69
2597.00,2066.00,-0.69,-0.97,-2.13
5234.00,5237.00,-4.33,-0.97,-0.50
3652.00,4162.00,-0.81,-0.97,-1.75
426.00,462.00,-0.98,-0.97,-1.40
1184.00,308.00,-0.60,-0.97,-2.68
2193.00,5481.00,-0.57,-0.96,-2.90
831.00,731.00,-0.55,-0.96,-3.28
2126.00,3641.00,-0.94,-0.96,-1.49
1730.00,2027.00,-0.53,-0.96,-3.52
4268.00,4314.00,-0.74,-0.96,-1.98
2896.00,95.00,-0.59,-0.95,-2.78
3225.00,2092.00,-2.04,-0.95,-0.72
3526.00,1472.00,-0.59,-0.95,-2.80
2677.00,2066.00,-0.85,-0.95,-1.70
3329.00,4325.00,-4.24,-0.95,-0.52
1219.00,2.00,-2.21,-0.94,-0.69
2754.00,28.00,-0.58,-0.94,-3.02
4779.00,5345.00,-3.80,-0.94,-0.53
506.00,215.00,-1.22,-0.94,-1.16
5051.00,4234.00,-1.14,-0.94,-1.24
3098.00,1700.00,-0.72,-0.93,-2.13
1542.00,2197.00,-0.64,-0.93,-2.56
2630.00,1809.00,-1.52,-0.93,-0.95
3366.00,1362.00,-1.05,-0.93,-1.36
2867.00,360.00,-0.80,-0.93,-1.85
308.00,1674.00,-0.57,-0.91,-3.37
1109.00,1210.00,-2.96,-0.90,-0.61
5064.00,2044.00,-0.62,-0.89,-2.90
5200.00,4171.00,-1.71,-0.89,-0.89
1315.00,1351.00,-0.58,-0.89,-3.54
3815.00,2795.00,-3.37,-0.89,-0.59
3139.00,2724.00,-1.07,-0.89,-1.41
2387.00,2941.00,-0.58,-0.89,-3.63
4268.00,3444.00,-1.14,-0.88,-1.32
2692.00,3407.00,-0.83,-0.88,-1.88
2897.00,769.00,-1.34,-0.88,-1.13
5520.00,5548.00,-2.96,-0.88,-0.63
4898.00,3570.00,-0.87,-0.88,-1.80
544.00,1692.00,-0.64,-0.88,-2.85
176.00,1351.00,-0.75,-0.87,-2.22
3450.00,2387.00,-0.58,-0.87,-3.90
565.00,831.00,-0.73,-0.87,-2.32
3039.00,2044.00,-0.62,-0.87,-3.23
869.00,1385.00,-1.05,-0.86,-1.47
5628.00,134.00,-1.12,-0.86,-1.38
4307.00,4788.00,-1.71,-0.86,-0.93
4990.00,4171.00,-0.81,-0.85,-2.07
2523.00,1351.00,-0.69,-0.85,-2.62
3053.00,2274.00,-1.90,-0.85,-0.86
2295.00,2783.00,-0.62,-0.85,-3.39
99.00,4197.00,-0.80,-0.85,-2.12
881.00,24.00,-0.61,-0.84,-3.59
4510.00,4266.00,-1.00,-0.84,-1.60
3160.00,728.00,-0.65,-0.84,-3.04
2776.00,1655.00,-0.73,-0.84,-2.48
5063.00,4889.00,-0.94,-0.84,-1.72
2066.00,3451.00,-0.60,-0.84,-4.09
1952.00,2646.00,-0.60,-0.84,-4.03
2573.00,2066.00,-0.90,-0.84,-1.84
521.00,725.00,-0.84,-0.83,-2.02
311.00,2687.00,-0.91,-0.83,-1.82
4755.00,4745.00,-2.16,-0.83,-0.80
1831.00,2027.00,-0.61,-0.83,-3.90
5483.00,5362.00,-2.18,-0.83,-0.80
4936.00,4708.00,-0.93,-0.83,-1.79
5033.00,4121.00,-1.25,-0.83,-1.28
5218.00,5194.00,-2.43,-0.83,-0.75
2193.00,3706.00,-0.66,-0.82,-3.05
2228.00,1498.00,-1.01,-0.82,-1.62
2419.00,2531.00,-3.83,-0.82,-0.62
2027.00,728.00,-0.64,-0.82,-3.54
2941.00,155.00,-0.72,-0.81,-2.66
2596.00,2066.00,-0.85,-0.81,-2.07
3526.00,1489.00,-0.75,-0.81,-2.50
4216.00,3503.00,-1.33,-0.81,-1.25
4920.00,904.00,-0.68,-0.80,-3.07
4757.00,5287.00,-3.05,-0.80,-0.69
2660.00,4235.00,-1.13,-0.80,-1.48
1527.00,2027.00,-0.72,-0.80,-2.78
214.00,3641.00,-0.71,-0.80,-2.87
1351.00,4648.00,-0.69,-0.80,-3.08
4581.00,4624.00,-1.44,-0.80,-1.16
2896.00,3655.00,-0.75,-0.80,-2.58
2302.00,382.00,-0.74,-0.80,-2.61
4696.00,1809.00,-1.05,-0.79,-1.61
3641.00,63.00,-0.68,-0.79,-3.26
4296.00,2725.00,-1.05,-0.78,-1.65
5200.00,1952.00,-1.71,-0.78,-1.02
3877.00,904.00,-0.66,-0.78,-3.62
2933.00,3698.00,-0.65,-0.78,-3.87
3039.00,3721.00,-0.72,-0.78,-2.91
2165.00,2147.00,-1.59,-0.78,-1.09
2327.00,627.00,-0.84,-0.78,-2.21
4586.00,4596.00,-2.70,-0.78,-0.75
1351.00,1315.00,-0.67,-0.78,-3.54
904.00,769.00,-0.69,-0.77,-3.31
1676.00,308.00,-0.74,-0.77,-2.80
3450.00,1918.00,-0.71,-0.77,-3.10
2044.00,3098.00,-0.69,-0.77,-3.34
3877.00,2193.00,-0.69,-0.77,-3.32
3979.00,4007.00,-1.25,-0.77,-1.39
1542.00,424.00,-0.85,-0.76,-2.22
1256.00,831.00,-0.77,-0.76,-2.66
1741.00,831.00,-2.11,-0.76,-0.89
12.00,1351.00,-0.69,-0.76,-3.47
2430.00,4037.00,-1.42,-0.75,-1.25
4296.00,1808.00,-1.73,-0.75,-1.05
5605.00,2992.00,-1.29,-0.74,-1.39
2646.00,924.00,-0.76,-0.74,-2.90
4064.00,3597.00,-1.38,-0.74,-1.30
3721.00,4648.00,-0.75,-0.73,-3.05
4077.00,4099.00,-3.18,-0.73,-0.74
2679.00,2172.00,-0.92,-0.73,-2.12
3902.00,134.00,-0.76,-0.73,-2.94
4276.00,4686.00,-1.39,-0.73,-1.31
3395.00,3402.00,-3.16,-0.73,-0.74
881.00,3196.00,-0.88,-0.73,-2.29
5507.00,2044.00,-0.73,-0.73,-3.39
1339.00,1140.00,-3.64,-0.72,-0.72
3450.00,2646.00,-0.71,-0.72,-3.80
5540.00,5552.00,-2.01,-0.71,-0.98
622.00,823.00,-1.45,-0.71,-1.29
2896.00,1317.00,-0.80,-0.71,-2.84
1542.00,1952.00,-0.75,-0.71,-3.39
4237.00,4591.00,-1.16,-0.71,-1.64
134.00,2387.00,-0.74,-0.70,-3.49
5475.00,2804.00,-1.14,-0.70,-1.69
2052.00,1845.00,-1.13,-0.70,-1.70
3275.00,1831.00,-1.04,-0.70,-1.89
2164.00,2027.00,-0.83,-0.70,-2.70
4613.00,4608.00,-1.47,-0.70,-1.30
308.00,1676.00,-0.79,-0.70,-3.07
2343.00,2516.00,-1.08,-0.70,-1.83
4303.00,904.00,-0.80,-0.69,-2.96
2327.00,2027.00,-0.82,-0.69,-2.84
1339.00,831.00,-1.35,-0.69,-1.42
2306.00,2366.00,-3.56,-0.69,-0.75
1352.00,1385.00,-1.18,-0.69,-1.65
56.00,904.00,-0.76,-0.69,-3.38
3526.00,1575.00,-0.91,-0.69,-2.36
4898.00,1921.00,-0.99,-0.69,-2.07
544.00,2044.00,-0.78,-0.69,-3.21
1859.00,1770.00,-0.79,-0.69,-3.18
2822.00,76.00,-1.13,-0.69,-1.75
240.00,831.00,-1.07,-0.69,-1.88
3139.00,3035.00,-2.09,-0.68,-0.99
4982.00,4979.00,-1.38,-0.68,-1.42
4558.00,2483.00,-0.78,-0.68,-3.39
1339.00,1143.00,-2.23,-0.68,-0.95
4869.00,4870.00,-2.99,-0.68,-0.82
4171.00,2589.00,-0.84,-0.67,-2.82
4832.00,1655.00,-0.82,-0.67,-3.02
2193.00,1692.00,-0.81,-0.67,-3.08
1039.00,804.00,-2.11,-0.67,-1.00
1375.00,780.00,-1.10,-0.67,-1.84
2292.00,2207.00,-1.14,-0.67,-1.77
480.00,2387.00,-0.78,-0.67,-3.52
5737.00,1200.00,-1.24,-0.67,-1.60
2754.00,5250.00,-0.92,-0.67,-2.41
1175.00,1326.00,-2.16,-0.67,-0.99
3228.00,3269.00,-1.19,-0.67,-1.70
2387.00,2062.00,-0.77,-0.67,-3.77
2027.00,2250.00,-1.27,-0.67,-1.59
4405.00,1362.00,-1.29,-0.66,-1.57
2049.00,4289.00,-1.97,-0.66,-1.07
114.00,3469.00,-1.17,-0.66,-1.76
717.00,671.00,-3.47,-0.66,-0.79
2052.00,1718.00,-1.50,-0.66,-1.35
3571.00,2186.00,-0.86,-0.66,-2.81
5941.00,5649.00,-3.31,-0.66,-0.81
1564.00,904.00,-0.79,-0.66,-3.67
4451.00,1990.00,-1.07,-0.66,-1.98
1735.00,1738.00,-2.92,-0.65,-0.85
2660.00,4025.00,-1.50,-0.65,-1.36
3102.00,3035.00,-1.78,-0.65,-1.17
2905.00,2925.00,-2.56,-0.65,-0.92
134.00,2157.00,-0.94,-0.64,-2.48
1791.00,2044.00,-1.13,-0.64,-1.88
1848.00,2711.00,-2.02,-0.64,-1.07
2044.00,3194.00,-0.87,-0.64,-2.90
2130.00,4564.00,-1.06,-0.64,-2.07
5688.00,5634.00,-1.40,-0.64,-1.48
5527.00,134.00,-0.97,-0.64,-2.39
3571.00,2027.00,-0.85,-0.64,-3.10
1280.00,1656.00,-1.14,-0.64,-1.90
1692.00,904.00,-0.83,-0.64,-3.36
3530.00,4420.00,-1.82,-0.63,-1.18
3235.00,24.00,-1.06,-0.63,-2.09
2794.00,2687.00,-1.10,-0.63,-1.98
4307.00,4792.00,-3.23,-0.63,-0.84
4691.00,4686.00,-1.42,-0.63,-1.48
2260.00,2033.00,-1.56,-0.63,-1.35
2387.00,3450.00,-0.80,-0.63,-4.02
2044.00,3039.00,-0.84,-0.63,-3.36
1692.00,2193.00,-0.86,-0.63,-3.07
4162.00,2079.00,-1.15,-0.63,-1.89
1333.00,904.00,-0.81,-0.63,-3.82
2834.00,2027.00,-0.82,-0.63,-3.58
3360.00,3371.00,-2.79,-0.63,-0.91
5212.00,5227.00,-1.63,-0.63,-1.31
3360.00,3370.00,-3.25,-0.63,-0.85
2343.00,2513.00,-1.16,-0.63,-1.89
12.00,2027.00,-0.82,-0.62,-3.76
5511.00,2066.00,-1.59,-0.62,-1.35
3714.00,4109.00,-1.25,-0.62,-1.74
2500.00,2539.00,-2.89,-0.62,-0.90
12.00,605.00,-0.89,-0.62,-3.00
3450.00,2230.00,-0.97,-0.62,-2.50
936.00,1608.00,-1.09,-0.62,-2.08
1966.00,60.00,-1.11,-0.62,-2.03
475.00,804.00,-1.77,-0.62,-1.24
826.00,823.00,-1.09,-0.61,-2.10
4405.00,134.00,-1.22,-0.61,-1.82
1542.00,1385.00,-0.90,-0.61,-2.93
56.00,2027.00,-0.84,-0.61,-3.59
4384.00,1184.00,-0.91,-0.61,-2.90
2303.00,2479.00,-3.28,-0.61,-0.87
1316.00,2088.00,-0.93,-0.61,-2.79
3.00,831.00,-0.84,-0.61,-3.71
2896.00,2265.00,-0.87,-0.61,-3.35
2295.00,1561.00,-0.85,-0.60,-3.73
3476.00,395.00,-1.55,-0.60,-1.43
191.00,5675.00,-1.95,-0.60,-1.17
2291.00,1756.00,-1.87,-0.60,-1.21
2941.00,4037.00,-0.88,-0.60,-3.26
12.00,5.00,-0.86,-0.60,-3.59
5577.00,5845.00,-3.10,-0.60,-0.90
1395.00,3344.00,-0.84,-0.60,-3.93
5200.00,2044.00,-2.28,-0.60,-1.06
1929.00,1849.00,-1.58,-0.60,-1.42
2878.00,234.00,-1.61,-0.60,-1.39
3344.00,5524.00,-0.93,-0.59,-2.95
4542.00,4399.00,-1.16,-0.59,-2.03
4874.00,4900.00,-1.96,-0.59,-1.19
3503.00,1952.00,-1.01,-0.59,-2.50
3329.00,4681.00,-2.66,-0.59,-0.98
269.00,831.00,-0.90,-0.59,-3.31
5613.00,5609.00,-1.35,-0.59,-1.69
34.00,5800.00,-0.88,-0.58,-3.58
2387.00,3597.00,-0.87,-0.58,-3.88
3102.00,4074.00,-1.84,-0.58,-1.27
4420.00,4489.00,-1.31,-0.58,-1.77
3492.00,5478.00,-2.63,-0.58,-1.00
2044.00,2962.00,-1.01,-0.58,-2.61
3348.00,3409.00,-2.48,-0.58,-1.04
904.00,5131.00,-0.97,-0.58,-2.85
2834.00,2724.00,-0.88,-0.57,-3.88
2387.00,3723.00,-0.95,-0.57,-3.05
663.00,1153.00,-1.12,-0.57,-2.23
4453.00,785.00,-2.31,-0.57,-1.10
2810.00,2890.00,-2.57,-0.57,-1.03
4037.00,1809.00,-0.98,-0.57,-2.86
3713.00,2896.00,-0.93,-0.56,-3.27
1884.00,2502.00,-1.16,-0.56,-2.14
4171.00,5254.00,-0.94,-0.56,-3.26
0.00,2409.00,-1.11,-0.56,-2.28
869.00,2193.00,-1.65,-0.56,-1.44
5764.00,5711.00,-2.28,-0.56,-1.12
1751.00,308.00,-1.05,-0.56,-2.54
3855.00,24.00,-1.19,-0.56,-2.09
2267.00,1542.00,-1.67,-0.56,-1.43
2387.00,2391.00,-0.93,-0.56,-3.39
5597.00,5471.00,-1.56,-0.56,-1.52
5063.00,5065.00,-2.94,-0.56,-0.98
869.00,1351.00,-1.51,-0.56,-1.58
1333.00,2027.00,-0.90,-0.56,-4.03
2549.00,2547.00,-2.06,-0.55,-1.21
183.00,1659.00,-1.58,-0.55,-1.52
2312.00,3266.00,-1.21,-0.55,-2.07
3329.00,4530.00,-3.46,-0.55,-0.93
2295.00,3698.00,-0.90,-0.55,-3.94
1712.00,1770.00,-1.27,-0.55,-1.95
63.00,3641.00,-0.94,-0.55,-3.46
1564.00,728.00,-0.92,-0.55,-3.84
4569.00,4570.00,-1.31,-0.55,-1.90
5471.00,3909.00,-1.44,-0.54,-1.70
3377.00,2387.00,-1.55,-0.54,-1.57
1351.00,1184.00,-1.00,-0.54,-3.00
544.00,1947.00,-1.06,-0.54,-2.64
5471.00,3721.00,-1.03,-0.54,-2.82
5521.00,24.00,-1.31,-0.54,-1.92
904.00,5648.00,-1.08,-0.54,-2.56
3464.00,904.00,-0.97,-0.54,-3.32
1848.00,2656.00,-2.52,-0.54,-1.09
1319.00,1328.00,-3.52,-0.54,-0.95
3544.00,498.00,-1.15,-0.54,-2.33
4569.00,4562.00,-1.35,-0.53,-1.87
2193.00,4384.00,-0.99,-0.53,-3.17
1351.00,1565.00,-0.93,-0.53,-3.88
5187.00,2398.00,-1.78,-0.53,-1.41
134.00,394.00,-1.07,-0.53,-2.69
5573.00,3450.00,-1.61,-0.53,-1.55
1647.00,5114.00,-3.61,-0.53,-0.95
3597.00,732.00,-1.20,-0.53,-2.20
3721.00,1.00,-0.99,-0.53,-3.23
2395.00,5630.00,-1.62,-0.53,-1.54
3450.00,3489.00,-1.00,-0.53,-3.15
3412.00,4790.00,-1.85,-0.53,-1.37
3891.00,2896.00,-1.06,-0.53,-2.74
629.00,2876.00,-1.36,-0.53,-1.87
1801.00,2896.00,-0.97,-0.53,-3.51
2295.00,1043.00,-0.98,-0.53,-3.43
2295.00,1256.00,-1.01,-0.53,-3.15
1545.00,4598.00,-1.76,-0.53,-1.44
1859.00,1382.00,-0.94,-0.52,-4.13
424.00,5.00,-1.03,-0.52,-3.00
2044.00,5205.00,-1.54,-0.52,-1.64
4171.00,776.00,-1.01,-0.52,-3.17
4583.00,4790.00,-2.22,-0.52,-1.21
4744.00,4693.00,-1.08,-0.52,-2.69
158.00,1382.00,-0.98,-0.52,-3.50
4171.00,4253.00,-0.99,-0.52,-3.34
4171.00,3610.00,-1.00,-0.52,-3.31
2396.00,2423.00,-1.20,-0.52,-2.26
2295.00,1674.00,-0.96,-0.52,-3.88
4162.00,2821.00,-1.27,-0.52,-2.10
3922.00,3551.00,-1.56,-0.52,-1.63
95.00,241.00,-1.00,-0.52,-3.32
2839.00,4697.00,-2.20,-0.52,-1.23
2679.00,424.00,-1.53,-0.52,-1.68
3272.00,1362.00,-1.18,-0.51,-2.37
2641.00,3830.00,-1.10,-0.51,-2.66
352.00,593.00,-1.16,-0.51,-2.44
5475.00,5431.00,-1.44,-0.51,-1.80
1849.00,279.00,-0.98,-0.51,-3.66
100.00,314.00,-1.87,-0.51,-1.41
1583.00,1661.00,-1.80,-0.51,-1.46
904.00,2027.00,-0.98,-0.51,-3.87
3891.00,4007.00,-1.35,-0.51,-1.98
2044.00,2957.00,-1.10,-0.50,-2.79
95.00,4178.00,-1.18,-0.50,-2.43
3416.00,3435.00,-2.31,-0.50,-1.22
5212.00,2044.00,-1.59,-0.50,-1.66
3329.00,4678.00,-2.90,-0.50,-1.08
3444.00,3542.00,-1.57,-0.50,-1.69
1339.00,1139.00,-2.91,-0.50,-1.08
2710.00,2713.00,-3.70,-0.50,-1.00
3238.00,3196.00,-1.52,-0.50,-1.75
131.00,1382.00,-0.99,-0.50,-3.92
2847.00,2867.00,-1.69,-0.50,-1.58
3652.00,3992.00,-2.02,-0.50,-1.36
4658.00,4477.00,-2.16,-0.50,-1.29
1809.00,2387.00,-0.99,-0.49,-4.00
4171.00,5735.00,-1.24,-0.49,-2.29
4412.00,1809.00,-1.43,-0.49,-1.90
2257.00,1382.00,-1.38,-0.49,-1.98
544.00,2186.00,-1.09,-0.49,-2.96
3365.00,2027.00,-1.02,-0.49,-3.61
2844.00,24.00,-1.32,-0.49,-2.12
1351.00,2343.00,-1.06,-0.49,-3.20
831.00,957.00,-1.18,-0.49,-2.55
5250.00,2754.00,-1.13,-0.49,-2.78
3570.00,3207.00,-1.31,-0.49,-2.15
4253.00,4686.00,-1.20,-0.49,-2.49
5522.00,5532.00,-3.86,-0.49,-1.01
904.00,5006.00,-1.21,-0.49,-2.46
134.00,329.00,-1.26,-0.48,-2.32
95.00,1362.00,-1.09,-0.48,-3.04
2204.00,2208.00,-3.04,-0.48,-1.09
3608.00,61.00,-2.15,-0.48,-1.32
5020.00,4591.00,-2.11,-0.48,-1.34
4248.00,4250.00,-2.69,-0.48,-1.16
25.00,1382.00,-1.15,-0.48,-2.79
3412.00,5685.00,-2.74,-0.48,-1.16
4759.00,4745.00,-2.54,-0.47,-1.21
3925.00,4278.00,-1.83,-0.47,-1.53
4728.00,4693.00,-1.51,-0.47,-1.86
1362.00,1920.00,-1.08,-0.47,-3.28
3464.00,2027.00,-1.06,-0.47,-3.53
538.00,3024.00,-2.03,-0.47,-1.41
5954.00,5649.00,-3.25,-0.47,-1.09
3329.00,4672.00,-2.85,-0.47,-1.15
2681.00,2172.00,-1.28,-0.47,-2.34
1647.00,2876.00,-2.48,-0.47,-1.24
134.00,3902.00,-1.10,-0.47,-3.22
4203.00,203.00,-1.61,-0.47,-1.75
140.00,2777.00,-1.60,-0.47,-1.77
904.00,1206.00,-1.15,-0.47,-2.86
3329.00,4679.00,-3.02,-0.47,-1.13
3329.00,4667.00,-3.57,-0.47,-1.07
3377.00,3365.00,-1.80,-0.46,-1.58
134.00,3444.00,-1.17,-0.46,-2.79
3329.00,4653.00,-2.54,-0.46,-1.23
907.00,1073.00,-1.24,-0.46,-2.53
2580.00,2062.00,-1.44,-0.46,-2.02
2193.00,3721.00,-1.11,-0.46,-3.19
4898.00,1276.00,-1.85,-0.46,-1.55
5954.00,2.00,-2.28,-0.46,-1.32
4569.00,4573.00,-1.48,-0.46,-1.96
1952.00,3988.00,-1.32,-0.46,-2.28
3648.00,4083.00,-1.18,-0.46,-2.78
2109.00,2991.00,-1.18,-0.46,-2.79
95.00,5.00,-1.10,-0.46,-3.32
545.00,1356.00,-1.21,-0.46,-2.67
2157.00,709.00,-1.17,-0.46,-2.87
5012.00,24.00,-1.09,-0.46,-3.48
4697.00,3696.00,-1.64,-0.46,-1.75
3329.00,4682.00,-2.92,-0.46,-1.16
4171.00,3511.00,-1.16,-0.46,-2.91
431.00,409.00,-2.44,-0.46,-1.27
4362.00,24.00,-1.14,-0.46,-3.04
1525.00,2244.00,-2.34,-0.46,-1.31
3272.00,2897.00,-2.31,-0.46,-1.32
4827.00,4692.00,-1.38,-0.46,-2.16
1809.00,4693.00,-1.04,-0.46,-4.44
2667.00,2669.00,-3.11,-0.46,-1.13
2836.00,2896.00,-1.33,-0.46,-2.28
2044.00,2900.00,-1.24,-0.46,-2.57
3655.00,2896.00,-1.17,-0.45,-2.92
3721.00,1333.00,-1.07,-0.45,-3.85
3329.00,4680.00,-3.06,-0.45,-1.15
3187.00,3181.00,-2.54,-0.45,-1.26
5026.00,4527.00,-1.84,-0.45,-1.60
5079.00,4987.00,-2.19,-0.45,-1.39
4747.00,3896.00,-1.33,-0.45,-2.33
3803.00,2027.00,-1.09,-0.45,-3.70
4171.00,1753.00,-1.17,-0.45,-3.03
3.00,422.00,-1.23,-0.45,-2.71
4171.00,1256.00,-1.11,-0.45,-3.54
480.00,3902.00,-1.14,-0.44,-3.26
2821.00,2213.00,-1.14,-0.44,-3.27
2387.00,538.00,-1.15,-0.44,-3.18
3721.00,3039.00,-1.17,-0.44,-3.07
4369.00,4083.00,-1.71,-0.44,-1.75
966.00,1073.00,-1.62,-0.44,-1.84
308.00,1751.00,-1.19,-0.44,-2.99
5250.00,3733.00,-1.33,-0.44,-2.41
2657.00,2027.00,-1.12,-0.44,-3.57
3918.00,5211.00,-1.44,-0.43,-2.17
4832.00,704.00,-1.19,-0.43,-3.01
4944.00,4918.00,-2.09,-0.43,-1.48
3017.00,3775.00,-1.23,-0.43,-2.82
4453.00,4431.00,-2.60,-0.43,-1.28
4443.00,4730.00,-2.40,-0.43,-1.34
2306.00,2479.00,-3.89,-0.43,-1.11
4243.00,20.00,-1.22,-0.43,-2.87
4171.00,3512.00,-1.25,-0.43,-2.75
3491.00,2497.00,-4.21,-0.43,-1.09
1351.00,1000.00,-1.27,-0.43,-2.71
822.00,1770.00,-1.21,-0.43,-2.98
4106.00,3763.00,-1.32,-0.43,-2.52
2387.00,4381.00,-1.21,-0.43,-3.02
3380.00,3383.00,-3.73,-0.43,-1.13
3571.00,2660.00,-1.55,-0.42,-2.01
5824.00,5800.00,-1.57,-0.42,-1.99
63.00,831.00,-1.12,-0.42,-4.05
3329.00,4675.00,-2.97,-0.42,-1.23
5478.00,5362.00,-1.40,-0.42,-2.32
3444.00,3365.00,-1.27,-0.42,-2.75
134.00,1351.00,-1.15,-0.42,-3.55
1144.00,803.00,-2.76,-0.42,-1.27
3329.00,4677.00,-3.13,-0.42,-1.20
3329.00,4674.00,-3.22,-0.42,-1.19
1144.00,709.00,-2.17,-0.42,-1.48
134.00,1936.00,-1.40,-0.42,-2.34
2933.00,2027.00,-1.12,-0.42,-4.15
2295.00,3448.00,-1.28,-0.42,-2.73
5197.00,4171.00,-1.45,-0.42,-2.25
1809.00,1674.00,-1.13,-0.42,-4.03
4121.00,382.00,-1.19,-0.42,-3.35
3464.00,3722.00,-1.36,-0.42,-2.48
2387.00,4594.00,-1.37,-0.42,-2.46
3722.00,4278.00,-2.41,-0.41,-1.39
5611.00,5634.00,-1.22,-0.41,-3.14
2295.00,3766.00,-1.18,-0.41,-3.48
731.00,831.00,-1.16,-0.41,-3.73
3450.00,3514.00,-1.56,-0.41,-2.07
643.00,786.00,-2.61,-0.41,-1.34
1646.00,308.00,-1.45,-0.41,-2.29
1362.00,1669.00,-1.21,-0.41,-3.30
1351.00,5099.00,-1.51,-0.41,-2.18
4171.00,4329.00,-1.31,-0.41,-2.74
4558.00,2537.00,-1.14,-0.41,-4.13
2683.00,1952.00,-1.34,-0.41,-2.64
3313.00,731.00,-1.53,-0.41,-2.15
3721.00,4552.00,-1.20,-0.41,-3.40
3918.00,3344.00,-1.22,-0.41,-3.28
3313.00,1270.00,-1.71,-0.41,-1.88
3530.00,2896.00,-1.30,-0.41,-2.80
1197.00,1196.00,-1.58,-0.41,-2.06
649.00,983.00,-2.26,-0.40,-1.48
3329.00,4665.00,-3.14,-0.40,-1.24
2599.00,4743.00,-1.20,-0.40,-3.44
3526.00,4811.00,-1.59,-0.40,-2.05
2821.00,2027.00,-1.19,-0.40,-3.58
3329.00,4666.00,-3.02,-0.40,-1.27
1963.00,1916.00,-2.08,-0.40,-1.58
1920.00,1770.00,-1.23,-0.40,-3.33
2350.00,451.00,-1.42,-0.40,-2.45
3377.00,2265.00,-1.83,-0.40,-1.79
904.00,2369.00,-1.30,-0.40,-2.93
3903.00,3865.00,-2.68,-0.40,-1.36
4869.00,4856.00,-2.25,-0.39,-1.51
4401.00,4501.00,-2.39,-0.39,-1.45
1638.00,2043.00,-1.56,-0.39,-2.16
2066.00,1764.00,-1.23,-0.39,-3.41
5800.00,5803.00,-2.81,-0.39,-1.33
4364.00,5653.00,-1.44,-0.39,-2.43
1884.00,2433.00,-1.39,-0.39,-2.59
1877.00,1382.00,-1.50,-0.39,-2.31
4204.00,3177.00,-1.94,-0.39,-1.71
4966.00,4976.00,-3.27,-0.39,-1.26
3526.00,203.00,-1.35,-0.39,-2.77
769.00,823.00,-1.34,-0.39,-2.82
4202.00,2896.00,-1.59,-0.39,-2.13
3706.00,2186.00,-1.23,-0.39,-3.48
360.00,2213.00,-1.21,-0.39,-3.73
2484.00,2545.00,-1.51,-0.39,-2.30
4171.00,573.00,-1.32,-0.39,-2.94
2164.00,5717.00,-3.07,-0.39,-1.29
426.00,466.00,-2.58,-0.39,-1.41
1041.00,1073.00,-2.37,-0.39,-1.48
3464.00,1655.00,-1.34,-0.39,-2.85
3877.00,2896.00,-1.20,-0.39,-3.91
365.00,409.00,-2.06,-0.39,-1.65
1809.00,2066.00,-1.17,-0.39,-4.73
2687.00,2794.00,-1.44,-0.38,-2.49
3313.00,1838.00,-2.19,-0.38,-1.58
1954.00,2001.00,-1.88,-0.38,-1.80
1809.00,3365.00,-1.21,-0.38,-3.98
238.00,1941.00,-2.80,-0.38,-1.36
5352.00,61.00,-1.77,-0.38,-1.92
5524.00,855.00,-1.54,-0.38,-2.28
904.00,4889.00,-1.26,-0.38,-3.39
4171.00,5595.00,-1.31,-0.38,-3.07
4399.00,4542.00,-1.50,-0.38,-2.39
646.00,1646.00,-1.60,-0.38,-2.19
3028.00,3332.00,-3.66,-0.37,-1.25
4564.00,2130.00,-1.58,-0.37,-2.25
4454.00,4449.00,-2.29,-0.37,-1.56
545.00,4037.00,-1.26,-0.37,-3.62
1.00,831.00,-1.26,-0.37,-3.69
4542.00,4545.00,-1.59,-0.37,-2.25
2727.00,2752.00,-2.50,-0.37,-1.48
0.00,1770.00,-1.24,-0.37,-3.98
5197.00,1952.00,-1.51,-0.37,-2.44
4964.00,4976.00,-3.10,-0.37,-1.33
133.00,1571.00,-2.55,-0.37,-1.47
5201.00,4171.00,-1.54,-0.37,-2.35
5027.00,5026.00,-1.90,-0.37,-1.83
4685.00,1564.00,-1.43,-0.37,-2.70
2232.00,5188.00,-3.55,-0.37,-1.28
2350.00,1042.00,-1.49,-0.37,-2.50
1730.00,1770.00,-1.28,-0.37,-3.58
4591.00,5020.00,-2.12,-0.37,-1.68
4681.00,1564.00,-1.38,-0.37,-2.92
4196.00,4437.00,-2.09,-0.36,-1.70
4514.00,4526.00,-1.65,-0.36,-2.17
3987.00,904.00,-1.25,-0.36,-3.99
2896.00,2724.00,-1.26,-0.36,-3.86
1276.00,134.00,-1.61,-0.36,-2.25
4171.00,3956.00,-1.42,-0.36,-2.76
3329.00,4660.00,-3.24,-0.36,-1.33
2377.00,2433.00,-1.33,-0.36,-3.20
5114.00,4839.00,-2.34,-0.36,-1.57
1542.00,2001.00,-1.76,-0.36,-2.02
2727.00,2580.00,-1.82,-0.36,-1.96
2847.00,2917.00,-2.52,-0.36,-1.50
2387.00,1393.00,-1.34,-0.36,-3.17
5737.00,5555.00,-2.10,-0.36,-1.72
321.00,309.00,-2.11,-0.36,-1.71
4171.00,5447.00,-1.42,-0.36,-2.83
3803.00,1655.00,-1.38,-0.36,-3.01
5311.00,5369.00,-3.00,-0.36,-1.38
5311.00,5363.00,-3.00,-0.36,-1.38
5311.00,5370.00,-3.00,-0.36,-1.38
1734.00,1845.00,-1.35,-0.36,-3.16
3171.00,3332.00,-3.18,-0.36,-1.35
1333.00,3292.00,-1.75,-0.36,-2.06
4521.00,4555.00,-3.44,-0.36,-1.31
831.00,1025.00,-1.44,-0.36,-2.79
5197.00,4558.00,-1.59,-0.35,-2.36
63.00,1352.00,-1.67,-0.35,-2.22
360.00,2027.00,-1.27,-0.35,-4.05
2044.00,3721.00,-1.28,-0.35,-4.02
2306.00,2433.00,-2.36,-0.35,-1.59
2897.00,3272.00,-2.45,-0.35,-1.56
4682.00,1564.00,-1.42,-0.35,-2.94
5192.00,4171.00,-1.47,-0.35,-2.72
2387.00,3488.00,-1.40,-0.35,-3.01
1691.00,1646.00,-3.01,-0.35,-1.40
2175.00,2567.00,-1.45,-0.35,-2.82
4384.00,2003.00,-1.40,-0.35,-3.02
4171.00,4982.00,-1.41,-0.35,-3.02
2193.00,2027.00,-1.33,-0.35,-3.56
2858.00,24.00,-1.58,-0.35,-2.44
2635.00,2639.00,-3.54,-0.35,-1.33
2834.00,3530.00,-1.38,-0.35,-3.19
3987.00,4183.00,-1.50,-0.35,-2.65
4171.00,346.00,-1.38,-0.35,-3.17
1351.00,2039.00,-1.47,-0.35,-2.76
2834.00,2896.00,-1.32,-0.35,-3.71
362.00,1382.00,-1.28,-0.35,-4.26
5666.00,2918.00,-2.82,-0.35,-1.46
3526.00,4074.00,-1.44,-0.35,-2.91
2710.00,2995.00,-3.93,-0.35,-1.30
4303.00,5471.00,-1.42,-0.34,-2.97
5196.00,4171.00,-1.54,-0.34,-2.57
4976.00,4964.00,-3.06,-0.34,-1.41
114.00,5943.00,-2.93,-0.34,-1.44
12.00,2896.00,-1.31,-0.34,-3.89
4693.00,4897.00,-1.37,-0.34,-3.33
303.00,2580.00,-1.51,-0.34,-2.68
4678.00,1564.00,-1.46,-0.34,-2.87
2295.00,4382.00,-1.43,-0.34,-2.98
2516.00,2504.00,-2.31,-0.34,-1.66
2295.00,570.00,-1.43,-0.34,-2.99
2683.00,2292.00,-2.14,-0.34,-1.76
1952.00,3002.00,-1.44,-0.34,-2.95
1584.00,1608.00,-1.48,-0.34,-2.80
3721.00,5798.00,-1.92,-0.34,-1.95
5595.00,5553.00,-2.14,-0.34,-1.77
4667.00,1809.00,-1.60,-0.34,-2.45
4290.00,5075.00,-1.63,-0.34,-2.39
2350.00,3702.00,-2.14,-0.34,-1.78
317.00,1382.00,-1.59,-0.34,-2.50
1885.00,2539.00,-2.96,-0.34,-1.45
1952.00,4637.00,-1.50,-0.34,-2.77
2634.00,2635.00,-1.33,-0.34,-3.84
5475.00,5476.00,-3.42,-0.33,-1.38
4658.00,4545.00,-1.68,-0.33,-2.34
2537.00,2584.00,-1.56,-0.33,-2.61
2044.00,1351.00,-1.32,-0.33,-4.06
1952.00,1732.00,-1.56,-0.33,-2.66
3745.00,4697.00,-1.88,-0.33,-2.06
443.00,471.00,-3.05,-0.33,-1.46
5488.00,2044.00,-2.22,-0.33,-1.77
2295.00,20.00,-1.34,-0.33,-4.09
3648.00,1534.00,-1.63,-0.33,-2.50
2234.00,1382.00,-1.68,-0.33,-2.39
5201.00,1952.00,-1.61,-0.33,-2.55
4171.00,5344.00,-1.49,-0.33,-2.95
4679.00,1564.00,-1.51,-0.33,-2.87
1831.00,4037.00,-1.36,-0.33,-3.81
2094.00,2095.00,-3.18,-0.33,-1.44
134.00,1292.00,-1.73,-0.32,-2.31
3837.00,24.00,-2.02,-0.32,-1.94
4859.00,5593.00,-1.78,-0.32,-2.23
4976.00,4966.00,-3.37,-0.32,-1.42
1809.00,3599.00,-1.46,-0.32,-3.15
2690.00,2570.00,-1.84,-0.32,-2.16
2710.00,2969.00,-4.06,-0.32,-1.35
4171.00,3379.00,-1.45,-0.32,-3.18
2933.00,3014.00,-1.50,-0.32,-2.96
1351.00,244.00,-1.61,-0.32,-2.59
2027.00,1770.00,-1.39,-0.32,-3.70
3648.00,4707.00,-1.47,-0.32,-3.14
1997.00,61.00,-1.53,-0.32,-2.86
2634.00,203.00,-1.38,-0.32,-3.88
536.00,1307.00,-2.97,-0.32,-1.51
2084.00,2222.00,-2.62,-0.32,-1.61
2265.00,143.00,-1.36,-0.32,-4.20
4171.00,3721.00,-1.35,-0.32,-4.32
2387.00,1809.00,-1.36,-0.32,-4.22
3749.00,5117.00,-2.60,-0.32,-1.62
5528.00,5546.00,-2.64,-0.32,-1.61
1017.00,61.00,-1.40,-0.32,-3.68
12.00,704.00,-1.49,-0.32,-3.08
5524.00,5362.00,-1.54,-0.32,-2.88
442.00,409.00,-2.14,-0.32,-1.88
4171.00,5102.00,-1.52,-0.31,-2.97
5635.00,5639.00,-3.69,-0.31,-1.41
5635.00,5637.00,-3.69,-0.31,-1.41
4728.00,4636.00,-2.74,-0.31,-1.58
2679.00,2292.00,-2.15,-0.31,-1.88
2265.00,197.00,-1.38,-0.31,-4.07
5201.00,4558.00,-1.70,-0.31,-2.47
4680.00,1564.00,-1.55,-0.31,-2.89
5192.00,1952.00,-1.54,-0.31,-2.92
2395.00,2880.00,-2.45,-0.31,-1.71
2350.00,1376.00,-1.76,-0.31,-2.35
2690.00,2668.00,-2.06,-0.31,-1.98
2690.00,2688.00,-1.88,-0.31,-2.18
4364.00,24.00,-1.38,-0.31,-4.25
38.00,786.00,-2.51,-0.31,-1.70
4608.00,4602.00,-2.45,-0.31,-1.73
4420.00,3530.00,-2.40,-0.31,-1.75
1801.00,2572.00,-1.75,-0.31,-2.40
2774.00,2934.00,-2.98,-0.31,-1.55
4558.00,5079.00,-1.54,-0.31,-3.01
2044.00,904.00,-1.39,-0.31,-4.17
5196.00,1952.00,-1.61,-0.31,-2.77
3987.00,5383.00,-1.60,-0.30,-2.80
3706.00,3344.00,-1.41,-0.30,-4.00
3503.00,3796.00,-2.25,-0.30,-1.85
2933.00,5230.00,-1.55,-0.30,-2.99
1351.00,2265.00,-1.42,-0.30,-3.93
3987.00,5.00,-1.41,-0.30,-4.07
1351.00,176.00,-1.56,-0.30,-2.97
5481.00,2193.00,-1.47,-0.30,-3.47
3639.00,2523.00,-1.48,-0.30,-3.41
5488.00,5362.00,-2.55,-0.30,-1.70
2187.00,1382.00,-1.66,-0.30,-2.67
1351.00,2044.00,-1.42,-0.30,-4.07
2885.00,2878.00,-4.83,-0.30,-1.38
4106.00,3356.00,-1.79,-0.30,-2.40
2682.00,1952.00,-1.71,-0.30,-2.57
4059.00,4080.00,-3.53,-0.30,-1.48
1809.00,4803.00,-1.85,-0.30,-2.30
1251.00,1392.00,-3.44,-0.30,-1.49
3313.00,1809.00,-1.77,-0.30,-2.45
4106.00,4074.00,-1.52,-0.30,-3.31
1809.00,4898.00,-1.52,-0.30,-3.31
1362.00,1985.00,-1.73,-0.30,-2.55
0.00,61.00,-1.47,-0.30,-3.70
855.00,1382.00,-1.48,-0.29,-3.60
778.00,983.00,-2.53,-0.29,-1.74
2075.00,2016.00,-2.62,-0.29,-1.70
483.00,309.00,-1.75,-0.29,-2.50
5192.00,4558.00,-1.63,-0.29,-2.84
4668.00,1809.00,-1.58,-0.29,-3.01
2251.00,3796.00,-1.59,-0.29,-3.01
2690.00,2542.00,-2.13,-0.29,-2.00
2690.00,2521.00,-2.14,-0.29,-1.99
2690.00,2541.00,-2.14,-0.29,-1.99
4897.00,4565.00,-2.66,-0.29,-1.69
3877.00,5141.00,-1.73,-0.29,-2.57
4564.00,4566.00,-3.87,-0.29,-1.46
4668.00,3896.00,-1.53,-0.29,-3.34
2124.00,5297.00,-1.58,-0.29,-3.07
5196.00,4558.00,-1.69,-0.29,-2.69
1200.00,2228.00,-1.59,-0.29,-3.06
1809.00,2114.00,-1.72,-0.29,-2.62
3718.00,2027.00,-1.45,-0.29,-4.14
1966.00,1770.00,-1.48,-0.29,-3.73
1756.00,1770.00,-1.79,-0.29,-2.48
1333.00,3398.00,-1.95,-0.29,-2.24
2142.00,2497.00,-3.22,-0.29,-1.57
4707.00,4813.00,-2.45,-0.28,-1.83
4610.00,4705.00,-2.17,-0.28,-2.02
2295.00,2027.00,-1.46,-0.28,-4.30
4687.00,2321.00,-1.73,-0.28,-2.68
1809.00,1963.00,-1.57,-0.28,-3.29
4728.00,4734.00,-3.52,-0.28,-1.53
203.00,1770.00,-1.73,-0.28,-2.67
2669.00,1542.00,-2.25,-0.28,-1.96
3444.00,454.00,-1.97,-0.28,-2.25
3987.00,4135.00,-1.56,-0.28,-3.38
4693.00,4790.00,-1.69,-0.28,-2.82
2066.00,2605.00,-1.61,-0.28,-3.13
569.00,2787.00,-2.16,-0.28,-2.06
4384.00,3546.00,-1.68,-0.28,-2.86
4700.00,1809.00,-1.69,-0.28,-2.85
4898.00,5500.00,-2.30,-0.28,-1.95
4936.00,4897.00,-1.97,-0.28,-2.28
3526.00,5446.00,-2.65,-0.28,-1.76
4687.00,4693.00,-1.60,-0.28,-3.21
3755.00,1333.00,-1.75,-0.28,-2.70
201.00,593.00,-1.67,-0.28,-2.94
12.00,2565.00,-1.65,-0.28,-3.03
4648.00,5634.00,-1.60,-0.28,-3.22
4171.00,904.00,-1.47,-0.28,-4.48
0.00,1382.00,-1.45,-0.28,-5.00
1542.00,134.00,-1.60,-0.27,-3.27
4530.00,480.00,-1.94,-0.27,-2.34
1614.00,1791.00,-1.78,-0.27,-2.65
1755.00,821.00,-3.37,-0.27,-1.58
2690.00,2694.00,-2.05,-0.27,-2.20
4667.00,4634.00,-1.78,-0.27,-2.66
2690.00,2674.00,-2.08,-0.27,-2.18
2265.00,741.00,-1.55,-0.27,-3.68
2634.00,2880.00,-1.65,-0.27,-3.09
539.00,1326.00,-1.68,-0.27,-2.95
4700.00,3896.00,-1.63,-0.27,-3.18
4728.00,4457.00,-2.35,-0.27,-1.95
1542.00,2027.00,-1.58,-0.27,-3.42
2660.00,3272.00,-2.13,-0.27,-2.13
3758.00,2387.00,-1.86,-0.27,-2.50
2657.00,2961.00,-1.91,-0.27,-2.42
904.00,2896.00,-1.52,-0.27,-4.04
4658.00,4735.00,-3.33,-0.27,-1.61
2690.00,2540.00,-3.19,-0.27,-1.63
2690.00,2543.00,-3.19,-0.27,-1.63
3377.00,2027.00,-2.23,-0.27,-2.06
4530.00,1809.00,-1.86,-0.27,-2.52
3451.00,5471.00,-1.59,-0.27,-3.45
1385.00,2879.00,-1.55,-0.27,-3.75
2787.00,569.00,-2.11,-0.27,-2.18
4685.00,2321.00,-1.83,-0.27,-2.62
4243.00,4234.00,-1.71,-0.27,-2.94
4667.00,904.00,-1.91,-0.27,-2.47
2062.00,2580.00,-1.83,-0.26,-2.62
2044.00,2027.00,-1.51,-0.26,-4.41
1017.00,2.00,-1.66,-0.26,-3.16
4667.00,4426.00,-2.72,-0.26,-1.79
308.00,831.00,-1.53,-0.26,-4.14
544.00,1718.00,-1.88,-0.26,-2.54
2933.00,1990.00,-1.57,-0.26,-3.76
237.00,905.00,-3.86,-0.26,-1.56
2874.00,2497.00,-2.99,-0.26,-1.71
4489.00,4420.00,-2.06,-0.26,-2.28
5634.00,5742.00,-3.55,-0.26,-1.60
2027.00,1542.00,-1.58,-0.26,-3.74
3759.00,2387.00,-1.89,-0.26,-2.55
134.00,4162.00,-1.81,-0.26,-2.72
2044.00,5244.00,-1.81,-0.26,-2.74
4653.00,3896.00,-1.58,-0.26,-3.76
3758.00,1317.00,-2.11,-0.26,-2.24
5362.00,5524.00,-1.71,-0.26,-3.07
2690.00,2703.00,-2.42,-0.26,-1.97
2066.00,2434.00,-1.73,-0.26,-2.99
1809.00,904.00,-1.55,-0.26,-4.25
4653.00,1809.00,-1.64,-0.26,-3.42
4384.00,2193.00,-1.62,-0.26,-3.54
2027.00,2683.00,-1.82,-0.26,-2.72
95.00,2896.00,-1.60,-0.26,-3.67
4530.00,2044.00,-1.87,-0.26,-2.63
1809.00,404.00,-1.61,-0.26,-3.60
4685.00,4693.00,-1.70,-0.26,-3.14
4681.00,4693.00,-1.65,-0.26,-3.37
1614.00,1670.00,-2.44,-0.26,-1.98
1270.00,2822.00,-1.97,-0.26,-2.45
1689.00,831.00,-1.61,-0.26,-3.68
2690.00,2669.00,-2.25,-0.26,-2.12
4171.00,5058.00,-1.70,-0.25,-3.15
4530.00,3896.00,-1.79,-0.25,-2.84
5199.00,1952.00,-1.83,-0.25,-2.74
3718.00,1271.00,-1.80,-0.25,-2.83
2690.00,2670.00,-2.38,-0.25,-2.03
1638.00,24.00,-1.59,-0.25,-3.90
1810.00,1955.00,-3.97,-0.25,-1.59
1365.00,1382.00,-1.56,-0.25,-4.36
148.00,178.00,-2.06,-0.25,-2.36
4653.00,480.00,-1.70,-0.25,-3.23
1385.00,1509.00,-1.80,-0.25,-2.86
3444.00,134.00,-1.74,-0.25,-3.09
3782.00,2497.00,-3.25,-0.25,-1.70
3721.00,3902.00,-1.66,-0.25,-3.50
2690.00,2628.00,-2.32,-0.25,-2.10
5201.00,3718.00,-2.06,-0.25,-2.37
3639.00,5550.00,-1.92,-0.25,-2.61
2109.00,3026.00,-1.92,-0.25,-2.62
1801.00,1382.00,-1.56,-0.25,-4.59
633.00,956.00,-2.32,-0.25,-2.11
1200.00,1542.00,-1.59,-0.25,-4.14
3759.00,1317.00,-2.14,-0.25,-2.29
1676.00,831.00,-1.64,-0.25,-3.69
2052.00,1382.00,-1.72,-0.25,-3.21
398.00,471.00,-2.29,-0.25,-2.14
2834.00,4083.00,-1.84,-0.25,-2.80
56.00,5711.00,-1.85,-0.25,-2.78
4253.00,4644.00,-2.16,-0.25,-2.28
183.00,1782.00,-2.98,-0.25,-1.79
134.00,5573.00,-2.64,-0.25,-1.92
5202.00,1952.00,-1.79,-0.24,-3.00
2027.00,3286.00,-2.31,-0.24,-2.14
904.00,831.00,-1.59,-0.24,-4.36
2387.00,2723.00,-1.76,-0.24,-3.11
1952.00,2897.00,-1.90,-0.24,-2.70
3721.00,4898.00,-1.78,-0.24,-3.04
5199.00,4558.00,-1.92,-0.24,-2.66
1385.00,1567.00,-1.78,-0.24,-3.08
1486.00,1646.00,-2.06,-0.24,-2.43
329.00,134.00,-1.88,-0.24,-2.76
2690.00,2700.00,-2.45,-0.24,-2.05
2052.00,1330.00,-3.13,-0.24,-1.77
103.00,178.00,-1.92,-0.24,-2.69
2044.00,5608.00,-1.83,-0.24,-2.92
803.00,1142.00,-2.28,-0.24,-2.19
2109.00,3058.00,-2.57,-0.24,-1.99
4742.00,1809.00,-1.78,-0.24,-3.11
2302.00,2275.00,-3.19,-0.24,-1.76
3915.00,4403.00,-2.21,-0.24,-2.28
5362.00,2986.00,-2.00,-0.24,-2.56
1734.00,1153.00,-1.97,-0.24,-2.61
483.00,471.00,-2.10,-0.24,-2.42
5024.00,4250.00,-2.62,-0.24,-1.98
2265.00,653.00,-1.67,-0.24,-3.74
904.00,1356.00,-1.83,-0.24,-2.99
4742.00,3896.00,-1.72,-0.24,-3.44
4531.00,5703.00,-1.81,-0.24,-3.05
2350.00,2735.00,-2.36,-0.24,-2.15
1590.00,1755.00,-2.97,-0.24,-1.84
4668.00,4634.00,-1.77,-0.24,-3.22
4542.00,4549.00,-3.31,-0.24,-1.75
2243.00,1382.00,-1.72,-0.24,-3.47
1809.00,4776.00,-1.89,-0.24,-2.84
1809.00,4774.00,-1.89,-0.24,-2.84
2350.00,2744.00,-2.36,-0.23,-2.16
2350.00,2748.00,-2.36,-0.23,-2.16
4743.00,1809.00,-1.76,-0.23,-3.31
394.00,134.00,-1.76,-0.23,-3.29
4870.00,4869.00,-4.11,-0.23,-1.65
2044.00,4135.00,-1.72,-0.23,-3.57
2599.00,3497.00,-2.42,-0.23,-2.13
4171.00,5225.00,-1.77,-0.23,-3.29
3918.00,5711.00,-2.17,-0.23,-2.37
5202.00,4558.00,-1.88,-0.23,-2.92
2681.00,1952.00,-1.82,-0.23,-3.09
4314.00,4268.00,-1.89,-0.23,-2.90
4384.00,1689.00,-1.71,-0.23,-3.65
3639.00,4518.00,-1.96,-0.23,-2.73
3877.00,5552.00,-1.89,-0.23,-2.91
4384.00,2186.00,-1.70,-0.23,-3.77
2687.00,2865.00,-2.24,-0.23,-2.31
2066.00,2596.00,-1.79,-0.23,-3.26
1638.00,4323.00,-2.79,-0.23,-1.94
4290.00,1534.00,-1.90,-0.23,-2.91
2124.00,2264.00,-1.88,-0.23,-2.95
2690.00,2622.00,-3.47,-0.23,-1.76
5197.00,5198.00,-4.24,-0.23,-1.66
467.00,466.00,-2.20,-0.23,-2.37
2193.00,1845.00,-1.80,-0.23,-3.25
4290.00,4707.00,-1.74,-0.23,-3.56
1734.00,5779.00,-2.81,-0.23,-1.94
3721.00,2523.00,-1.76,-0.23,-3.48
904.00,4882.00,-1.77,-0.23,-3.42
3743.00,2387.00,-2.09,-0.23,-2.54
3313.00,1362.00,-2.27,-0.23,-2.30
5524.00,1097.00,-2.07,-0.23,-2.57
5196.00,3718.00,-2.06,-0.23,-2.59
5012.00,5035.00,-2.94,-0.23,-1.90
803.00,1138.00,-2.24,-0.23,-2.35
2265.00,631.00,-1.67,-0.23,-4.24
5199.00,4898.00,-2.85,-0.23,-1.93
5192.00,3718.00,-1.99,-0.23,-2.73
663.00,1442.00,-2.79,-0.23,-1.96
1395.00,2584.00,-1.81,-0.23,-3.25
3987.00,5725.00,-2.09,-0.23,-2.56
1831.00,3275.00,-1.97,-0.23,-2.79
4658.00,4731.00,-2.09,-0.23,-2.55
3526.00,5440.00,-2.04,-0.22,-2.64
2265.00,922.00,-1.67,-0.22,-4.38
1351.00,904.00,-1.70,-0.22,-3.96
4685.00,1814.00,-1.92,-0.22,-2.92
1351.00,2193.00,-1.74,-0.22,-3.67
5197.00,2044.00,-2.12,-0.22,-2.52
3706.00,2660.00,-1.99,-0.22,-2.74
2387.00,5868.00,-1.98,-0.22,-2.76
1402.00,4542.00,-2.08,-0.22,-2.58
4687.00,1809.00,-1.88,-0.22,-3.06
4700.00,4634.00,-1.87,-0.22,-3.07
493.00,471.00,-2.37,-0.22,-2.24
1809.00,2027.00,-1.67,-0.22,-4.49
2896.00,3143.00,-2.87,-0.22,-1.95
2896.00,3515.00,-2.87,-0.22,-1.95
4832.00,4707.00,-1.83,-0.22,-3.27
1351.00,1947.00,-1.77,-0.22,-3.56
1688.00,2016.00,-1.94,-0.22,-2.91
4591.00,5026.00,-2.39,-0.22,-2.24
4681.00,1814.00,-1.87,-0.22,-3.14
3450.00,4591.00,-1.78,-0.22,-3.57
4675.00,4744.00,-2.64,-0.22,-2.07
2933.00,2896.00,-1.69,-0.22,-4.36
2265.00,779.00,-1.74,-0.22,-3.87
4531.00,3269.00,-1.90,-0.22,-3.06
1362.00,3236.00,-1.82,-0.22,-3.35
1317.00,5.00,-1.74,-0.22,-3.92
4672.00,1809.00,-1.86,-0.22,-3.21
1809.00,2696.00,-1.95,-0.22,-2.94
1809.00,2697.00,-1.95,-0.22,-2.94
414.00,1770.00,-1.80,-0.22,-3.49
2350.00,2746.00,-2.46,-0.22,-2.21
4680.00,4693.00,-1.84,-0.22,-3.35
12.00,2228.00,-1.94,-0.22,-2.98
12.00,1770.00,-1.74,-0.22,-4.00
2164.00,3026.00,-2.90,-0.22,-1.98
4675.00,1809.00,-1.88,-0.21,-3.21
5524.00,3344.00,-1.84,-0.21,-3.36
4530.00,4634.00,-2.05,-0.21,-2.74
2387.00,3566.00,-1.94,-0.21,-3.00
1395.00,2602.00,-2.08,-0.21,-2.69
2265.00,373.00,-1.78,-0.21,-3.71
2172.00,2679.00,-1.92,-0.21,-3.11
2690.00,2665.00,-2.80,-0.21,-2.03
2890.00,2810.00,-3.48,-0.21,-1.83
2878.00,2027.00,-2.36,-0.21,-2.34
2327.00,1542.00,-1.92,-0.21,-3.12
4675.00,3896.00,-1.82,-0.21,-3.54
1351.00,5550.00,-2.10,-0.21,-2.69
404.00,905.00,-3.61,-0.21,-1.81
3451.00,2800.00,-2.37,-0.21,-2.33
4384.00,5365.00,-1.99,-0.21,-2.92
4530.00,904.00,-2.18,-0.21,-2.56
2027.00,2538.00,-2.26,-0.21,-2.46
4203.00,4250.00,-3.03,-0.21,-1.95
5611.00,5708.00,-2.78,-0.21,-2.06
5369.00,5311.00,-3.44,-0.21,-1.85
4682.00,1814.00,-1.91,-0.21,-3.17
831.00,725.00,-1.91,-0.21,-3.19
1402.00,3272.00,-1.98,-0.21,-2.98
2350.00,2734.00,-2.55,-0.21,-2.20
2066.00,2603.00,-2.03,-0.21,-2.84
2027.00,2089.00,-1.86,-0.21,-3.38
1317.00,3796.00,-1.91,-0.21,-3.22
1527.00,1382.00,-1.77,-0.21,-3.96
4674.00,1809.00,-1.97,-0.21,-3.02
4683.00,3896.00,-1.86,-0.21,-3.45
4162.00,5610.00,-3.17,-0.21,-1.92
2295.00,2928.00,-1.89,-0.21,-3.31
4685.00,1809.00,-1.98,-0.21,-3.00
0.00,2470.00,-2.04,-0.21,-2.86
2690.00,2630.00,-3.51,-0.21,-1.85
2164.00,1791.00,-2.60,-0.21,-2.18
2027.00,2777.00,-2.11,-0.21,-2.72
4667.00,4728.00,-4.12,-0.21,-1.77
2690.00,2676.00,-2.55,-0.21,-2.21
4653.00,4634.00,-1.83,-0.21,-3.64
4384.00,358.00,-1.85,-0.21,-3.54
1385.00,2961.00,-2.00,-0.21,-2.97
4678.00,1814.00,-1.95,-0.21,-3.11
4706.00,4634.00,-1.93,-0.21,-3.22
1017.00,3465.00,-2.34,-0.21,-2.42
2295.00,4906.00,-1.82,-0.20,-3.75
1385.00,2704.00,-2.21,-0.20,-2.59
4681.00,1809.00,-1.93,-0.20,-3.22
1809.00,2566.00,-2.04,-0.20,-2.92
3313.00,134.00,-2.22,-0.20,-2.58
3877.00,5607.00,-1.95,-0.20,-3.20
4621.00,4653.00,-2.12,-0.20,-2.75
4674.00,3896.00,-1.91,-0.20,-3.34
3721.00,2193.00,-1.85,-0.20,-3.68
2265.00,713.00,-1.82,-0.20,-3.84
480.00,1990.00,-1.87,-0.20,-3.58
4685.00,3896.00,-1.92,-0.20,-3.33
5.00,1330.00,-2.38,-0.20,-2.41
4681.00,3896.00,-1.87,-0.20,-3.55
2175.00,2777.00,-2.03,-0.20,-2.98
134.00,1276.00,-2.11,-0.20,-2.81
1351.00,2186.00,-1.82,-0.20,-3.91
4674.00,2044.00,-1.98,-0.20,-3.13
1200.00,2573.00,-2.02,-0.20,-3.03
134.00,2961.00,-2.14,-0.20,-2.76
1809.00,2571.00,-2.14,-0.20,-2.76
2387.00,2027.00,-1.77,-0.20,-4.48
2387.00,134.00,-1.79,-0.20,-4.33
5507.00,5634.00,-1.95,-0.20,-3.26
5800.00,5790.00,-3.59,-0.20,-1.88
2265.00,501.00,-1.87,-0.20,-3.66
241.00,2810.00,-2.80,-0.20,-2.13
2690.00,2706.00,-3.36,-0.20,-1.93
3803.00,5653.00,-2.11,-0.20,-2.83
3.00,712.00,-2.63,-0.20,-2.23
5064.00,61.00,-2.08,-0.20,-2.90
4666.00,1809.00,-1.96,-0.20,-3.26
2690.00,2544.00,-3.36,-0.20,-1.93
2066.00,2027.00,-1.75,-0.20,-5.15
2265.00,1289.00,-1.93,-0.20,-3.40
3915.00,4349.00,-2.01,-0.20,-3.10
2172.00,24.00,-1.76,-0.20,-4.92
1564.00,1770.00,-1.82,-0.20,-4.14
6.00,178.00,-1.98,-0.20,-3.21
4679.00,1814.00,-2.01,-0.20,-3.11
5201.00,2044.00,-2.24,-0.20,-2.64
4634.00,4775.00,-2.03,-0.20,-3.06
4531.00,5038.00,-2.05,-0.20,-3.03
2265.00,386.00,-1.86,-0.20,-3.80
12.00,5972.00,-2.73,-0.20,-2.19
2027.00,2682.00,-2.17,-0.20,-2.76
4671.00,1809.00,-1.97,-0.20,-3.27
2387.00,5066.00,-1.99,-0.20,-3.21
2066.00,2672.00,-1.97,-0.20,-3.26
3696.00,4559.00,-4.02,-0.20,-1.84
2690.00,2707.00,-3.53,-0.19,-1.91
2690.00,2708.00,-3.53,-0.19,-1.91
2690.00,2705.00,-3.53,-0.19,-1.91
1898.00,2689.00,-2.32,-0.19,-2.54
4666.00,3896.00,-1.90,-0.19,-3.59
2265.00,578.00,-1.86,-0.19,-3.86
2681.00,2292.00,-2.66,-0.19,-2.24
5199.00,3718.00,-2.30,-0.19,-2.58
2079.00,2089.00,-2.07,-0.19,-2.99
1351.00,134.00,-1.84,-0.19,-4.06
4530.00,4621.00,-2.90,-0.19,-2.12
4732.00,3896.00,-1.91,-0.19,-3.63
4682.00,3896.00,-1.92,-0.19,-3.58
4653.00,904.00,-1.95,-0.19,-3.45
2066.00,2632.00,-1.98,-0.19,-3.33
4678.00,1809.00,-2.02,-0.19,-3.19
3571.00,61.00,-2.05,-0.19,-3.10
3896.00,4644.00,-1.91,-0.19,-3.65
709.00,1142.00,-2.18,-0.19,-2.81
1486.00,1755.00,-3.07,-0.19,-2.06
2941.00,4626.00,-2.15,-0.19,-2.86
957.00,831.00,-2.06,-0.19,-3.09
1385.00,2673.00,-2.11,-0.19,-2.94
4608.00,4613.00,-2.75,-0.19,-2.22
977.00,956.00,-3.19,-0.19,-2.03
2265.00,417.00,-1.88,-0.19,-3.94
1809.00,2638.00,-2.09,-0.19,-3.01
2124.00,4645.00,-1.92,-0.19,-3.62
4734.00,4658.00,-2.76,-0.19,-2.22
4196.00,4349.00,-2.00,-0.19,-3.30
3758.00,1809.00,-2.20,-0.19,-2.80
3236.00,3332.00,-3.41,-0.19,-1.97
3718.00,4544.00,-2.42,-0.19,-2.49
4671.00,2044.00,-1.98,-0.19,-3.39
2124.00,4663.00,-1.93,-0.19,-3.62
3918.00,5913.00,-3.45,-0.19,-1.97
769.00,983.00,-2.69,-0.19,-2.27
2124.00,4661.00,-1.94,-0.19,-3.63
2124.00,4662.00,-1.94,-0.19,-3.63
3975.00,4442.00,-3.08,-0.19,-2.09
4678.00,3896.00,-1.96,-0.19,-3.52
904.00,4083.00,-2.06,-0.19,-3.15
2066.00,5.00,-1.81,-0.19,-4.99
4898.00,61.00,-2.29,-0.19,-2.67
2327.00,2089.00,-2.22,-0.19,-2.78
1333.00,24.00,-1.82,-0.19,-4.94
4648.00,5479.00,-2.43,-0.19,-2.51
4677.00,4744.00,-2.97,-0.18,-2.14
709.00,1138.00,-2.14,-0.18,-2.97
1498.00,1752.00,-2.34,-0.18,-2.62
3784.00,2016.00,-4.43,-0.18,-1.85
2641.00,2342.00,-2.08,-0.18,-3.15
170.00,309.00,-2.03,-0.18,-3.29
2124.00,4995.00,-2.05,-0.18,-3.22
1395.00,1382.00,-1.83,-0.18,-4.98
2265.00,2102.00,-1.95,-0.18,-3.70
3597.00,4064.00,-2.53,-0.18,-2.43
360.00,3530.00,-1.94,-0.18,-3.76
904.00,5191.00,-2.97,-0.18,-2.15
308.00,1770.00,-1.91,-0.18,-3.96
2794.00,2016.00,-2.43,-0.18,-2.53
2350.00,2698.00,-2.98,-0.18,-2.16
904.00,4037.00,-1.91,-0.18,-3.96
1351.00,5593.00,-2.27,-0.18,-2.77
360.00,5471.00,-1.92,-0.18,-3.96
4679.00,1809.00,-2.08,-0.18,-3.19
424.00,24.00,-1.90,-0.18,-4.08
2295.00,4801.00,-2.26,-0.18,-2.80
1809.00,5085.00,-2.10,-0.18,-3.15
3759.00,1809.00,-2.23,-0.18,-2.85
2350.00,2765.00,-2.88,-0.18,-2.22
308.00,24.00,-1.87,-0.18,-4.58
2350.00,2677.00,-3.09,-0.18,-2.13
2690.00,2702.00,-2.74,-0.18,-2.30
2690.00,2573.00,-2.75,-0.18,-2.29
4457.00,4636.00,-1.99,-0.18,-3.60
3721.00,4518.00,-2.26,-0.18,-2.82
2124.00,953.00,-2.08,-0.18,-3.25
5202.00,3718.00,-2.25,-0.18,-2.83
3814.00,4349.00,-2.36,-0.18,-2.67
5192.00,2044.00,-2.17,-0.18,-3.01
904.00,5036.00,-2.82,-0.18,-2.26
2350.00,2671.00,-2.91,-0.18,-2.22
4750.00,4747.00,-3.94,-0.18,-1.94
5196.00,2044.00,-2.24,-0.18,-2.87
2350.00,3559.00,-3.97,-0.18,-1.94
2350.00,2743.00,-3.97,-0.18,-1.94
2387.00,2724.00,-1.86,-0.18,-4.81
2066.00,2568.00,-2.05,-0.18,-3.38
4687.00,4634.00,-2.08,-0.18,-3.28
904.00,2224.00,-2.58,-0.18,-2.44
904.00,1599.00,-2.58,-0.18,-2.44
2387.00,4135.00,-1.99,-0.18,-3.65
2268.00,2089.00,-2.38,-0.18,-2.66
4558.00,3742.00,-2.12,-0.18,-3.15
2523.00,1382.00,-1.92,-0.18,-4.13
2804.00,5475.00,-2.29,-0.18,-2.80
4679.00,3896.00,-2.02,-0.18,-3.52
2377.00,2479.00,-2.59,-0.18,-2.44
4384.00,1725.00,-2.52,-0.18,-2.51
2941.00,4482.00,-2.30,-0.18,-2.80
4671.00,3856.00,-3.37,-0.18,-2.06
4734.00,4728.00,-4.22,-0.18,-1.92
3450.00,5809.00,-2.60,-0.18,-2.44
3450.00,5796.00,-2.60,-0.18,-2.44
2690.00,2701.00,-2.70,-0.18,-2.37
4665.00,1809.00,-2.11,-0.18,-3.21
3721.00,1362.00,-1.98,-0.18,-3.77
3755.00,1809.00,-2.26,-0.18,-2.88
4665.00,3856.00,-3.53,-0.18,-2.03
2066.00,2633.00,-2.07,-0.18,-3.34
4665.00,480.00,-2.19,-0.18,-3.02
1809.00,5489.00,-2.18,-0.18,-3.04
2839.00,3743.00,-3.57,-0.17,-2.02
2327.00,1382.00,-1.94,-0.17,-4.10
1385.00,831.00,-1.89,-0.17,-4.68
4204.00,61.00,-2.08,-0.17,-3.34
3918.00,5607.00,-2.44,-0.17,-2.63
4565.00,4897.00,-2.87,-0.17,-2.27
4728.00,4731.00,-3.17,-0.17,-2.14
5185.00,5192.00,-3.29,-0.17,-2.10
411.00,765.00,-3.70,-0.17,-2.01
3721.00,134.00,-1.95,-0.17,-4.07
1952.00,203.00,-1.94,-0.17,-4.20
3918.00,5532.00,-3.70,-0.17,-2.01
1952.00,3503.00,-2.02,-0.17,-3.63
4457.00,4658.00,-2.10,-0.17,-3.34
4266.00,4597.00,-3.30,-0.17,-2.11
2265.00,633.00,-1.91,-0.17,-4.64
2683.00,134.00,-2.39,-0.17,-2.72
1828.00,1382.00,-1.99,-0.17,-3.88
4675.00,4634.00,-2.08,-0.17,-3.44
1692.00,1661.00,-2.46,-0.17,-2.64
1395.00,3024.00,-2.37,-0.17,-2.75
4665.00,3896.00,-2.05,-0.17,-3.54
2295.00,1756.00,-2.06,-0.17,-3.51
34.00,4250.00,-2.12,-0.17,-3.30
1362.00,2027.00,-1.96,-0.17,-4.15
4171.00,3232.00,-2.00,-0.17,-3.85
3918.00,5775.00,-3.63,-0.17,-2.04
4687.00,904.00,-2.20,-0.17,-3.10
4683.00,4634.00,-2.11,-0.17,-3.35
956.00,977.00,-3.14,-0.17,-2.18
1561.00,1755.00,-2.73,-0.17,-2.40
4665.00,2044.00,-2.12,-0.17,-3.33
2044.00,5163.00,-2.81,-0.17,-2.35
2044.00,5487.00,-2.81,-0.17,-2.35
4680.00,3896.00,-2.07,-0.17,-3.54
3407.00,3811.00,-3.41,-0.17,-2.11
2112.00,3743.00,-3.55,-0.17,-2.07
869.00,1330.00,-4.43,-0.17,-1.95
904.00,1770.00,-1.97,-0.17,-4.18
5362.00,4931.00,-2.43,-0.17,-2.71
2657.00,2502.00,-2.21,-0.17,-3.11
1809.00,3840.00,-2.19,-0.17,-3.18
1276.00,831.00,-2.28,-0.17,-2.96
2641.00,2925.00,-2.39,-0.17,-2.77
3706.00,5653.00,-2.29,-0.17,-2.95
5507.00,4278.00,-2.54,-0.17,-2.59
4243.00,5366.00,-2.76,-0.17,-2.41
4171.00,5230.00,-2.07,-0.17,-3.62
4685.00,4634.00,-2.18,-0.17,-3.23
3464.00,4516.00,-2.92,-0.17,-2.32
4621.00,4530.00,-2.92,-0.17,-2.32
4202.00,4644.00,-3.13,-0.17,-2.22
5611.00,5790.00,-2.86,-0.16,-2.35
1317.00,2879.00,-2.06,-0.16,-3.74
4672.00,904.00,-2.18,-0.16,-3.25
5524.00,5653.00,-2.81,-0.16,-2.39
1809.00,4817.00,-2.27,-0.16,-3.03
2124.00,5015.00,-2.06,-0.16,-3.74
5634.00,5745.00,-4.14,-0.16,-2.00
2350.00,2740.00,-3.06,-0.16,-2.27
2350.00,2756.00,-2.90,-0.16,-2.35
3451.00,24.00,-1.97,-0.16,-4.54
1809.00,3232.00,-2.09,-0.16,-3.63
4384.00,1097.00,-2.11,-0.16,-3.51
3229.00,3313.00,-3.91,-0.16,-2.04
881.00,1098.00,-2.92,-0.16,-2.34
2690.00,2675.00,-2.88,-0.16,-2.36
1809.00,2928.00,-2.12,-0.16,-3.51
4681.00,4634.00,-2.13,-0.16,-3.45
4677.00,1809.00,-2.19,-0.16,-3.26
2124.00,4330.00,-2.09,-0.16,-3.64
2387.00,5069.00,-2.24,-0.16,-3.13
4204.00,2.00,-2.38,-0.16,-2.86
4675.00,904.00,-2.20,-0.16,-3.25
2292.00,1542.00,-2.29,-0.16,-3.04
5196.00,5198.00,-4.34,-0.16,-1.99
2396.00,5574.00,-2.83,-0.16,-2.41
5524.00,5820.00,-3.76,-0.16,-2.07
1351.00,60.00,-2.43,-0.16,-2.80
2878.00,2687.00,-3.11,-0.16,-2.26
2690.00,2656.00,-2.75,-0.16,-2.47
2641.00,3181.00,-2.10,-0.16,-3.65
3464.00,4705.00,-3.02,-0.16,-2.31
2295.00,4925.00,-2.15,-0.16,-3.45
904.00,4405.00,-2.20,-0.16,-3.28
2387.00,5071.00,-2.26,-0.16,-3.14
2387.00,5070.00,-2.26,-0.16,-3.14
2679.00,134.00,-2.41,-0.16,-2.86
4674.00,904.00,-2.30,-0.16,-3.06
4685.00,904.00,-2.31,-0.16,-3.05
2646.00,5213.00,-3.40,-0.16,-2.18
2387.00,5068.00,-2.27,-0.16,-3.15
360.00,3659.00,-2.21,-0.16,-3.29
2387.00,5067.00,-2.27,-0.16,-3.15
1564.00,1542.00,-2.03,-0.16,-4.21
4677.00,3896.00,-2.13,-0.16,-3.59
1352.00,831.00,-2.54,-0.16,-2.70
4666.00,4634.00,-2.16,-0.16,-3.49
3803.00,5749.00,-3.05,-0.16,-2.32
3743.00,1809.00,-2.43,-0.16,-2.85
0.00,1752.00,-2.27,-0.16,-3.17
5472.00,2497.00,-3.56,-0.16,-2.15
2124.00,4965.00,-2.10,-0.16,-3.82
3992.00,1197.00,-3.44,-0.16,-2.18
3830.00,5216.00,-4.77,-0.16,-1.99
3812.00,3743.00,-3.79,-0.16,-2.11
4671.00,4634.00,-2.17,-0.16,-3.50
4682.00,4634.00,-2.18,-0.16,-3.48
4732.00,4634.00,-2.17,-0.16,-3.53
2350.00,732.00,-2.94,-0.15,-2.40
1351.00,1655.00,-2.16,-0.15,-3.58
424.00,1542.00,-2.17,-0.15,-3.53
1692.00,1542.00,-2.09,-0.15,-3.92
2493.00,2497.00,-2.97,-0.15,-2.39
2377.00,3888.00,-2.48,-0.15,-2.82
4681.00,904.00,-2.26,-0.15,-3.27
5555.00,5737.00,-3.08,-0.15,-2.34
2858.00,2497.00,-3.57,-0.15,-2.17
6.00,409.00,-2.14,-0.15,-3.74
63.00,1142.00,-2.32,-0.15,-3.14
2265.00,2362.00,-2.26,-0.15,-3.31
2066.00,2638.00,-2.16,-0.15,-3.65
2172.00,2683.00,-2.26,-0.15,-3.34
5199.00,2044.00,-2.49,-0.15,-2.86
1200.00,2719.00,-2.34,-0.15,-3.13
4531.00,5475.00,-2.13,-0.15,-3.84
1584.00,1852.00,-2.49,-0.15,-2.86
1200.00,2720.00,-2.34,-0.15,-3.13
4660.00,1809.00,-2.26,-0.15,-3.33
4660.00,480.00,-2.34,-0.15,-3.14
4171.00,5472.00,-2.18,-0.15,-3.61
1362.00,2724.00,-2.05,-0.15,-4.48
2641.00,4442.00,-2.50,-0.15,-2.85
2265.00,2071.00,-2.16,-0.15,-3.72
1564.00,4653.00,-2.08,-0.15,-4.21
2725.00,2786.00,-2.73,-0.15,-2.61
2350.00,2711.00,-2.75,-0.15,-2.59
63.00,1138.00,-2.28,-0.15,-3.31
1385.00,1352.00,-2.49,-0.15,-2.89
709.00,1144.00,-3.19,-0.15,-2.33
2265.00,2952.00,-2.30,-0.15,-3.31
1952.00,3209.00,-2.34,-0.15,-3.20
4558.00,2660.00,-2.22,-0.15,-3.56
1809.00,5472.00,-2.27,-0.15,-3.39
4671.00,904.00,-2.30,-0.15,-3.32
4558.00,5236.00,-2.24,-0.15,-3.51
3196.00,2342.00,-3.52,-0.15,-2.24
4558.00,5239.00,-2.24,-0.15,-3.51
904.00,2886.00,-2.96,-0.15,-2.47
4660.00,3896.00,-2.20,-0.15,-3.66
4531.00,2910.00,-2.36,-0.15,-3.19
2124.00,1271.00,-2.11,-0.15,-4.23
2027.00,2275.00,-3.06,-0.15,-2.43
2124.00,5482.00,-2.18,-0.15,-3.84
3648.00,4343.00,-2.65,-0.14,-2.75
4678.00,904.00,-2.35,-0.14,-3.24
4660.00,2044.00,-2.27,-0.14,-3.45
5192.00,5198.00,-4.25,-0.14,-2.12
4679.00,4634.00,-2.28,-0.14,-3.43
3758.00,1362.00,-2.73,-0.14,-2.68
1809.00,2621.00,-2.39,-0.14,-3.15
2295.00,2896.00,-2.09,-0.14,-4.57
360.00,2210.00,-2.38,-0.14,-3.19
2044.00,2961.00,-2.34,-0.14,-3.30
34.00,2064.00,-2.78,-0.14,-2.65
2172.00,2681.00,-2.32,-0.14,-3.38
3918.00,5731.00,-2.81,-0.14,-2.63
1564.00,2211.00,-2.35,-0.14,-3.32
3987.00,4523.00,-2.28,-0.14,-3.50
1385.00,2736.00,-2.50,-0.14,-3.00
1292.00,134.00,-2.54,-0.14,-2.94
1831.00,4697.00,-2.22,-0.14,-3.80
4653.00,4655.00,-2.47,-0.14,-3.08
2124.00,4741.00,-2.23,-0.14,-3.76
2265.00,1627.00,-2.40,-0.14,-3.23
3098.00,5216.00,-3.62,-0.14,-2.28
4672.00,4426.00,-2.97,-0.14,-2.55
4679.00,904.00,-2.41,-0.14,-3.25
2710.00,2016.00,-3.37,-0.14,-2.36
1385.00,2716.00,-2.51,-0.14,-3.06
4680.00,4634.00,-2.34,-0.14,-3.45
987.00,3743.00,-3.67,-0.14,-2.27
3759.00,1362.00,-2.76,-0.14,-2.73
2265.00,19.00,-2.35,-0.14,-3.41
1809.00,2597.00,-2.37,-0.14,-3.38
2193.00,869.00,-2.78,-0.14,-2.73
3721.00,3344.00,-2.15,-0.14,-4.48
1333.00,2665.00,-2.55,-0.14,-3.01
1382.00,43.00,-2.78,-0.14,-2.73
34.00,471.00,-2.32,-0.14,-3.54
3756.00,1362.00,-2.73,-0.14,-2.79
4514.00,4644.00,-2.37,-0.13,-3.43
2027.00,2342.00,-2.50,-0.13,-3.13
2265.00,1668.00,-2.46,-0.13,-3.23
2834.00,3158.00,-3.19,-0.13,-2.48
2350.00,2737.00,-3.48,-0.13,-2.36
3721.00,5560.00,-3.61,-0.13,-2.32
3755.00,1362.00,-2.79,-0.13,-2.76
1952.00,1542.00,-2.15,-0.13,-4.79
4665.00,904.00,-2.45,-0.13,-3.27
2682.00,134.00,-2.83,-0.13,-2.72
2044.00,3530.00,-2.22,-0.13,-4.16
2580.00,2713.00,-5.14,-0.13,-2.13
1333.00,3375.00,-3.35,-0.13,-2.41
1333.00,3372.00,-3.35,-0.13,-2.41
1333.00,4842.00,-3.35,-0.13,-2.41
2124.00,5069.00,-2.22,-0.13,-4.18
2641.00,4349.00,-2.29,-0.13,-3.75
2265.00,641.00,-2.33,-0.13,-3.61
1351.00,1025.00,-2.38,-0.13,-3.47
2265.00,2771.00,-2.50,-0.13,-3.16
5198.00,5197.00,-4.65,-0.13,-2.17
4680.00,904.00,-2.46,-0.13,-3.27
2124.00,5071.00,-2.23,-0.13,-4.18
2124.00,5070.00,-2.23,-0.13,-4.18
3987.00,5718.00,-2.52,-0.13,-3.17
4558.00,5151.00,-3.07,-0.13,-2.58
4558.00,5335.00,-3.07,-0.13,-2.58
4558.00,5146.00,-3.07,-0.13,-2.58
4531.00,5800.00,-2.21,-0.13,-4.39
1809.00,5543.00,-3.20,-0.13,-2.51
1809.00,5420.00,-3.20,-0.13,-2.51
1809.00,5504.00,-3.20,-0.13,-2.51
134.00,5711.00,-2.49,-0.13,-3.24
2124.00,5068.00,-2.24,-0.13,-4.19
1809.00,4867.00,-3.20,-0.13,-2.52
1809.00,5095.00,-3.20,-0.13,-2.52
1809.00,2616.00,-3.20,-0.13,-2.52
1809.00,5061.00,-3.20,-0.13,-2.52
34.00,3919.00,-2.61,-0.13,-3.04
2124.00,5067.00,-2.24,-0.13,-4.19
1809.00,4857.00,-2.57,-0.13,-3.12
1809.00,4740.00,-2.58,-0.13,-3.09
1584.00,1330.00,-2.46,-0.13,-3.34
4677.00,4634.00,-2.40,-0.13,-3.50
1200.00,1752.00,-2.47,-0.13,-3.32
904.00,4653.00,-2.24,-0.13,-4.25
4171.00,5445.00,-2.89,-0.13,-2.74
4171.00,5598.00,-2.89,-0.13,-2.74
4171.00,5736.00,-2.89,-0.13,-2.74
4171.00,5184.00,-2.89,-0.13,-2.74
4171.00,5303.00,-2.89,-0.13,-2.74
1333.00,3340.00,-2.61,-0.13,-3.07
2350.00,2752.00,-4.23,-0.13,-2.25
4859.00,5753.00,-3.42,-0.13,-2.44
1351.00,5697.00,-3.20,-0.13,-2.54
1351.00,5816.00,-3.20,-0.13,-2.54
1351.00,5768.00,-3.20,-0.13,-2.54
4171.00,1749.00,-2.90,-0.13,-2.74
904.00,5194.00,-2.50,-0.13,-3.30
3428.00,3435.00,-2.58,-0.13,-3.14
2350.00,2573.00,-3.31,-0.13,-2.49
3648.00,4349.00,-2.34,-0.13,-3.78
2350.00,2721.00,-4.39,-0.13,-2.24
4671.00,4426.00,-3.09,-0.13,-2.62
4106.00,4644.00,-2.41,-0.13,-3.55
3648.00,4250.00,-2.46,-0.13,-3.43
1801.00,2016.00,-2.38,-0.13,-3.68
341.00,2497.00,-2.98,-0.13,-2.70
3444.00,4268.00,-2.89,-0.12,-2.78
2124.00,3840.00,-2.27,-0.12,-4.23
1845.00,1382.00,-2.25,-0.12,-4.41
1809.00,2620.00,-2.54,-0.12,-3.25
2292.00,1382.00,-2.31,-0.12,-4.02
2033.00,2260.00,-3.01,-0.12,-2.70
4677.00,904.00,-2.53,-0.12,-3.32
16.00,3756.00,-2.76,-0.12,-2.94
1362.00,2513.00,-2.61,-0.12,-3.16
2124.00,2986.00,-2.28,-0.12,-4.31
3451.00,2.00,-2.58,-0.12,-3.21
1280.00,2064.00,-3.50,-0.12,-2.46
1200.00,2721.00,-3.02,-0.12,-2.70
1385.00,2703.00,-2.61,-0.12,-3.17
1385.00,2671.00,-2.57,-0.12,-3.24
2265.00,292.00,-2.46,-0.12,-3.52
4653.00,4636.00,-2.56,-0.12,-3.27
308.00,1916.00,-2.59,-0.12,-3.23
3987.00,5461.00,-3.15,-0.12,-2.64
3987.00,5638.00,-3.15,-0.12,-2.64
3987.00,5299.00,-3.15,-0.12,-2.64
3987.00,5462.00,-3.15,-0.12,-2.64
3758.00,2027.00,-2.66,-0.12,-3.11
1351.00,1845.00,-2.35,-0.12,-3.95
1952.00,1382.00,-2.20,-0.12,-5.79
4750.00,4706.00,-3.70,-0.12,-2.42
1809.00,2704.00,-2.73,-0.12,-3.03
1385.00,2711.00,-2.44,-0.12,-3.64
4744.00,4747.00,-3.54,-0.12,-2.47
1385.00,1861.00,-3.27,-0.12,-2.58
1362.00,2897.00,-3.14,-0.12,-2.66
34.00,5219.00,-2.74,-0.12,-3.02
904.00,2701.00,-2.60,-0.12,-3.26
1809.00,4696.00,-2.57,-0.12,-3.31
686.00,3743.00,-2.63,-0.12,-3.20
2876.00,774.00,-2.54,-0.12,-3.39
4204.00,5649.00,-3.30,-0.12,-2.58
4675.00,4457.00,-2.49,-0.12,-3.50
4531.00,5870.00,-3.15,-0.12,-2.66
4531.00,5900.00,-3.15,-0.12,-2.66
4531.00,5873.00,-3.15,-0.12,-2.66
4531.00,5975.00,-3.15,-0.12,-2.66
4531.00,5872.00,-3.15,-0.12,-2.66
4531.00,5269.00,-3.15,-0.12,-2.66
4531.00,5897.00,-3.15,-0.12,-2.66
4531.00,5886.00,-3.15,-0.12,-2.66
4531.00,5974.00,-3.15,-0.12,-2.66
2398.00,5187.00,-3.23,-0.12,-2.62
904.00,4732.00,-2.36,-0.12,-4.04
4660.00,4634.00,-2.47,-0.12,-3.57
3450.00,4597.00,-2.67,-0.12,-3.15
1385.00,2228.00,-2.50,-0.12,-3.51
2265.00,3462.00,-2.48,-0.12,-3.55
1385.00,1770.00,-2.29,-0.12,-4.53
1952.00,2918.00,-2.40,-0.12,-3.88
3718.00,4289.00,-2.55,-0.12,-3.39
2265.00,1351.00,-2.27,-0.12,-4.80
728.00,1307.00,-3.88,-0.12,-2.40
2140.00,3743.00,-2.68,-0.12,-3.15
1564.00,4678.00,-2.38,-0.12,-3.99
2657.00,61.00,-2.44,-0.12,-3.71
1385.00,869.00,-2.62,-0.12,-3.25
1730.00,2095.00,-2.76,-0.12,-3.04
4171.00,3530.00,-2.31,-0.12,-4.49
1809.00,2569.00,-2.53,-0.12,-3.47
1952.00,3408.00,-3.15,-0.12,-2.70
1952.00,5453.00,-3.15,-0.12,-2.70
134.00,203.00,-2.44,-0.12,-3.79
5362.00,5379.00,-4.04,-0.12,-2.38
5362.00,5377.00,-4.04,-0.12,-2.38
5362.00,5373.00,-4.04,-0.12,-2.38
2387.00,3070.00,-3.04,-0.12,-2.78
2387.00,5945.00,-3.04,-0.12,-2.78
2387.00,5904.00,-3.04,-0.12,-2.78
4171.00,4591.00,-2.37,-0.12,-4.16
2657.00,3065.00,-3.40,-0.12,-2.58
881.00,3743.00,-2.62,-0.12,-3.31
3759.00,2027.00,-2.70,-0.12,-3.17
1385.00,2700.00,-2.65,-0.12,-3.26
2933.00,4137.00,-3.13,-0.12,-2.72
1317.00,2896.00,-2.34,-0.12,-4.37
2027.00,2539.00,-2.78,-0.12,-3.06
2044.00,2043.00,-2.48,-0.12,-3.67
1809.00,5610.00,-2.64,-0.12,-3.28
2350.00,2675.00,-3.44,-0.11,-2.57
1351.00,2660.00,-2.66,-0.11,-3.26
6.00,471.00,-2.51,-0.11,-3.61
2896.00,3058.00,-4.11,-0.11,-2.39
2187.00,3743.00,-3.85,-0.11,-2.44
1385.00,2677.00,-2.74,-0.11,-3.14
2124.00,4987.00,-2.34,-0.11,-4.42
3987.00,5634.00,-2.39,-0.11,-4.17
1669.00,5531.00,-3.57,-0.11,-2.54
4832.00,5114.00,-3.15,-0.11,-2.74
3597.00,2497.00,-2.60,-0.11,-3.41
1809.00,2687.00,-2.36,-0.11,-4.36
2295.00,3272.00,-2.37,-0.11,-4.27
2327.00,2560.00,-3.83,-0.11,-2.46
2066.00,2621.00,-2.47,-0.11,-3.80
1385.00,4405.00,-2.53,-0.11,-3.62
3755.00,2027.00,-2.73,-0.11,-3.19
2387.00,2897.00,-2.91,-0.11,-2.95
2172.00,2682.00,-2.62,-0.11,-3.40
2321.00,4706.00,-2.51,-0.11,-3.69
1200.00,1442.00,-3.23,-0.11,-2.71
63.00,1144.00,-3.33,-0.11,-2.66
360.00,5552.00,-2.65,-0.11,-3.36
1809.00,2896.00,-2.33,-0.11,-4.79
16.00,3759.00,-2.88,-0.11,-3.02
629.00,3743.00,-2.78,-0.11,-3.15
1809.00,5471.00,-2.37,-0.11,-4.46
63.00,1139.00,-2.56,-0.11,-3.60
114.00,2.00,-2.95,-0.11,-2.95
1564.00,4682.00,-2.43,-0.11,-4.10
114.00,61.00,-2.64,-0.11,-3.41
2066.00,2597.00,-2.45,-0.11,-4.04
3451.00,5148.00,-3.63,-0.11,-2.56
3451.00,5304.00,-3.63,-0.11,-2.56
2124.00,2250.00,-2.55,-0.11,-3.66
2295.00,4449.00,-2.43,-0.11,-4.16
5198.00,5196.00,-4.55,-0.11,-2.38
1809.00,5215.00,-2.69,-0.11,-3.34
1362.00,2961.00,-2.85,-0.11,-3.10
5431.00,5475.00,-2.92,-0.11,-3.01
1628.00,3743.00,-2.67,-0.11,-3.40
4671.00,4457.00,-2.59,-0.11,-3.57
1527.00,4349.00,-2.92,-0.11,-3.02
1266.00,1392.00,-4.16,-0.11,-2.44
1809.00,2601.00,-2.71,-0.11,-3.32
904.00,2089.00,-2.50,-0.11,-3.92
4732.00,4457.00,-2.59,-0.11,-3.60
1564.00,4685.00,-2.49,-0.11,-3.93
855.00,2497.00,-3.13,-0.11,-2.84
2265.00,404.00,-2.43,-0.11,-4.29
1809.00,2600.00,-2.81,-0.11,-3.18
2027.00,2878.00,-2.75,-0.11,-3.27
605.00,3743.00,-3.09,-0.11,-2.88
5198.00,5192.00,-4.43,-0.11,-2.43
1689.00,1852.00,-3.65,-0.11,-2.61
1954.00,2007.00,-4.42,-0.10,-2.43
0.00,2095.00,-2.71,-0.10,-3.42
12.00,3471.00,-3.41,-0.10,-2.71
731.00,3313.00,-2.74,-0.10,-3.35
3987.00,4811.00,-2.71,-0.10,-3.41
134.00,24.00,-2.38,-0.10,-4.93
3758.00,3786.00,-3.93,-0.10,-2.53
1743.00,1755.00,-2.89,-0.10,-3.14
5362.00,5200.00,-4.44,-0.10,-2.44
2350.00,2720.00,-3.66,-0.10,-2.62
2350.00,2719.00,-3.66,-0.10,-2.62
2646.00,2016.00,-2.62,-0.10,-3.66
1564.00,4679.00,-2.51,-0.10,-4.05
18.00,3743.00,-3.27,-0.10,-2.81
2876.00,287.00,-3.59,-0.10,-2.66
4750.00,4742.00,-3.83,-0.10,-2.58
2295.00,2800.00,-2.92,-0.10,-3.14
1904.00,3743.00,-3.46,-0.10,-2.73
4558.00,1153.00,-2.60,-0.10,-3.78
1898.00,2560.00,-3.06,-0.10,-3.00
4489.00,4412.00,-2.83,-0.10,-3.28
4401.00,3743.00,-2.81,-0.10,-3.33
3743.00,2027.00,-2.91,-0.10,-3.17
1362.00,3192.00,-3.12,-0.10,-2.96
2027.00,2095.00,-2.91,-0.10,-3.19
1385.00,2699.00,-2.77,-0.10,-3.42
4171.00,4523.00,-2.55,-0.10,-4.04
2295.00,2679.00,-2.70,-0.10,-3.57
3639.00,5653.00,-2.79,-0.10,-3.39
1809.00,2746.00,-2.67,-0.10,-3.68
2657.00,1382.00,-2.43,-0.10,-5.01
2387.00,5471.00,-2.49,-0.10,-4.46
1809.00,2631.00,-2.75,-0.10,-3.49
4384.00,5484.00,-3.85,-0.10,-2.62
308.00,1142.00,-2.84,-0.10,-3.33
1809.00,2515.00,-2.68,-0.10,-3.67
3706.00,61.00,-2.59,-0.10,-3.95
1564.00,4680.00,-2.56,-0.10,-4.08
12.00,1752.00,-2.87,-0.10,-3.29
2295.00,2547.00,-2.65,-0.10,-3.78
3918.00,5729.00,-3.86,-0.10,-2.63
1809.00,4523.00,-2.64,-0.10,-3.82
1809.00,2627.00,-2.74,-0.10,-3.57
2066.00,2620.00,-2.62,-0.10,-3.91
4634.00,4697.00,-2.61,-0.10,-3.97
491.00,2560.00,-3.13,-0.10,-3.02
2124.00,4602.00,-2.55,-0.10,-4.27
4545.00,4542.00,-2.87,-0.10,-3.33
269.00,3758.00,-2.85,-0.10,-3.37
3718.00,203.00,-2.59,-0.10,-4.07
3755.00,3786.00,-3.99,-0.10,-2.61
3365.00,3471.00,-3.74,-0.10,-2.69
1809.00,5214.00,-2.86,-0.10,-3.37
1017.00,5745.00,-3.28,-0.10,-2.92
4558.00,5711.00,-2.63,-0.10,-3.95
2876.00,1538.00,-3.04,-0.10,-3.14
1564.00,4666.00,-2.57,-0.10,-4.25
1564.00,2689.00,-3.15,-0.10,-3.04
4202.00,2497.00,-4.01,-0.09,-2.63
4457.00,4654.00,-3.14,-0.09,-3.07
4384.00,1153.00,-2.92,-0.09,-3.33
4457.00,4736.00,-3.17,-0.09,-3.05
3918.00,5732.00,-3.85,-0.09,-2.68
1809.00,2668.00,-2.77,-0.09,-3.61
269.00,3756.00,-2.87,-0.09,-3.41
6.00,905.00,-3.19,-0.09,-3.03
4171.00,3775.00,-2.61,-0.09,-4.13
2387.00,3561.00,-2.88,-0.09,-3.40
1966.00,1330.00,-3.01,-0.09,-3.22
2066.00,2569.00,-2.62,-0.09,-4.13
3743.00,3786.00,-4.18,-0.09,-2.60
869.00,1382.00,-2.95,-0.09,-3.31
2933.00,4706.00,-2.59,-0.09,-4.26
3758.00,3790.00,-3.87,-0.09,-2.69
2295.00,4431.00,-2.58,-0.09,-4.36
134.00,2683.00,-2.91,-0.09,-3.38
3450.00,5479.00,-2.90,-0.09,-3.40
2876.00,1673.00,-3.27,-0.09,-2.99
3696.00,4697.00,-3.22,-0.09,-3.04
2066.00,2259.00,-3.22,-0.09,-3.04
2066.00,3784.00,-3.27,-0.09,-3.00
1809.00,5149.00,-3.79,-0.09,-2.73
3987.00,4074.00,-2.60,-0.09,-4.31
3896.00,4869.00,-2.92,-0.09,-3.39
2173.00,2497.00,-2.93,-0.09,-3.39
2066.00,5511.00,-3.28,-0.09,-3.00
2066.00,2647.00,-3.28,-0.09,-3.00
2066.00,2885.00,-3.28,-0.09,-3.00
3827.00,5575.00,-3.30,-0.09,-3.00
1809.00,4843.00,-2.69,-0.09,-3.98
2876.00,1331.00,-3.41,-0.09,-2.92
3758.00,3788.00,-4.30,-0.09,-2.62
2933.00,4747.00,-2.78,-0.09,-3.72
5362.00,4990.00,-3.06,-0.09,-3.24
2876.00,521.00,-3.00,-0.09,-3.33
4171.00,5718.00,-2.79,-0.09,-3.71
1395.00,2016.00,-2.67,-0.09,-4.10
2876.00,837.00,-3.42,-0.09,-2.94
2876.00,199.00,-3.50,-0.09,-2.89
4665.00,4728.00,-4.68,-0.09,-2.57
3451.00,5395.00,-3.48,-0.09,-2.91
2124.00,5236.00,-2.60,-0.09,-4.52
360.00,61.00,-2.65,-0.09,-4.24
1809.00,2565.00,-2.71,-0.09,-3.97
2124.00,5239.00,-2.60,-0.09,-4.52
4859.00,61.00,-2.74,-0.09,-3.87
5362.00,5476.00,-3.81,-0.09,-2.77
5362.00,5374.00,-3.98,-0.09,-2.71
5362.00,5372.00,-3.98,-0.09,-2.71
5362.00,5394.00,-3.98,-0.09,-2.71
5362.00,5378.00,-3.98,-0.09,-2.71
5362.00,5376.00,-3.98,-0.09,-2.71
2124.00,4740.00,-2.67,-0.09,-4.14
308.00,1752.00,-3.06,-0.09,-3.27
4674.00,4750.00,-4.50,-0.09,-2.62
2124.00,5153.00,-3.28,-0.09,-3.06
2124.00,5107.00,-3.28,-0.09,-3.06
2124.00,5300.00,-3.28,-0.09,-3.06
2124.00,5381.00,-3.28,-0.09,-3.06
2124.00,5175.00,-3.28,-0.09,-3.06
2124.00,5115.00,-3.28,-0.09,-3.06
2124.00,5167.00,-3.28,-0.09,-3.06
2124.00,5322.00,-3.28,-0.09,-3.06
2124.00,5405.00,-3.28,-0.09,-3.06
2124.00,5232.00,-3.28,-0.09,-3.06
2124.00,5106.00,-3.28,-0.09,-3.06
2124.00,5406.00,-3.28,-0.09,-3.06
2124.00,5109.00,-3.28,-0.09,-3.06
2124.00,5327.00,-3.28,-0.09,-3.06
2124.00,5208.00,-3.28,-0.09,-3.06
2124.00,4909.00,-3.28,-0.09,-3.06
2124.00,5337.00,-3.28,-0.09,-3.06
2124.00,5313.00,-3.28,-0.09,-3.06
2124.00,5261.00,-3.28,-0.09,-3.06
2124.00,5171.00,-3.28,-0.09,-3.06
2124.00,5391.00,-3.28,-0.09,-3.06
2124.00,5385.00,-3.28,-0.09,-3.06
2124.00,5348.00,-3.28,-0.09,-3.06
2124.00,5466.00,-3.28,-0.09,-3.06
2124.00,5429.00,-3.28,-0.09,-3.06
2124.00,5332.00,-3.28,-0.09,-3.06
2124.00,5384.00,-3.28,-0.09,-3.06
2124.00,5111.00,-3.28,-0.09,-3.06
2124.00,4913.00,-3.28,-0.09,-3.06
2124.00,5318.00,-3.28,-0.09,-3.06
2124.00,5342.00,-3.28,-0.09,-3.06
2124.00,4765.00,-3.28,-0.09,-3.06
2124.00,4910.00,-3.28,-0.09,-3.06
2124.00,5272.00,-3.28,-0.09,-3.06
2124.00,5108.00,-3.28,-0.09,-3.06
2124.00,5209.00,-3.28,-0.09,-3.06
2124.00,5323.00,-3.28,-0.09,-3.06
2124.00,4912.00,-3.28,-0.09,-3.06
2124.00,5172.00,-3.28,-0.09,-3.06
2124.00,5401.00,-3.28,-0.09,-3.06
2124.00,5360.00,-3.28,-0.09,-3.06
2124.00,5189.00,-3.28,-0.09,-3.06
2124.00,5080.00,-3.28,-0.09,-3.06
2124.00,5229.00,-3.28,-0.09,-3.06
2124.00,5222.00,-3.28,-0.09,-3.06
2124.00,5206.00,-3.28,-0.09,-3.06
2124.00,5326.00,-3.28,-0.09,-3.06
2124.00,5224.00,-3.28,-0.09,-3.06
2124.00,5169.00,-3.28,-0.09,-3.06
2124.00,5331.00,-3.28,-0.09,-3.06
2124.00,5319.00,-3.28,-0.09,-3.06
2124.00,4908.00,-3.28,-0.09,-3.06
2124.00,5386.00,-3.28,-0.09,-3.06
2124.00,5195.00,-3.28,-0.09,-3.06
2124.00,5349.00,-3.28,-0.09,-3.06
2124.00,5112.00,-3.28,-0.09,-3.06
2124.00,5312.00,-3.28,-0.09,-3.06
2124.00,5328.00,-3.28,-0.09,-3.06
2124.00,5275.00,-3.28,-0.09,-3.06
2124.00,5180.00,-3.28,-0.09,-3.06
2124.00,5341.00,-3.28,-0.09,-3.06
2124.00,5329.00,-3.28,-0.09,-3.06
2124.00,5325.00,-3.28,-0.09,-3.06
2124.00,5165.00,-3.28,-0.09,-3.06
2124.00,5333.00,-3.28,-0.09,-3.06
2124.00,5400.00,-3.28,-0.09,-3.06
2124.00,5387.00,-3.28,-0.09,-3.06
2124.00,5176.00,-3.28,-0.09,-3.06
2124.00,5302.00,-3.28,-0.09,-3.06
2124.00,5356.00,-3.28,-0.09,-3.06
2124.00,5353.00,-3.28,-0.09,-3.06
2124.00,5110.00,-3.28,-0.09,-3.06
2124.00,5399.00,-3.28,-0.09,-3.06
2124.00,5380.00,-3.28,-0.09,-3.06
2124.00,5105.00,-3.28,-0.09,-3.06
2124.00,5076.00,-3.28,-0.09,-3.06
2124.00,5231.00,-3.28,-0.09,-3.06
2124.00,5388.00,-3.28,-0.09,-3.06
2124.00,5368.00,-3.28,-0.09,-3.06
2124.00,5334.00,-3.28,-0.09,-3.06
2124.00,5173.00,-3.28,-0.09,-3.06
2124.00,5375.00,-3.28,-0.09,-3.06
2124.00,5280.00,-3.28,-0.09,-3.06
2124.00,5330.00,-3.28,-0.09,-3.06
2124.00,5284.00,-3.28,-0.09,-3.06
2124.00,5288.00,-3.28,-0.09,-3.06
2124.00,5339.00,-3.28,-0.09,-3.06
2124.00,5190.00,-3.28,-0.09,-3.06
2876.00,261.00,-3.56,-0.09,-2.89
360.00,2867.00,-2.86,-0.09,-3.62
2124.00,5238.00,-3.29,-0.09,-3.07
4687.00,4750.00,-4.39,-0.09,-2.64
3758.00,3794.00,-4.48,-0.09,-2.63
1564.00,4665.00,-2.68,-0.09,-4.21
1362.00,2515.00,-3.01,-0.09,-3.37
1395.00,3018.00,-3.67,-0.09,-2.85
1839.00,3743.00,-3.57,-0.09,-2.90
2027.00,3332.00,-3.48,-0.09,-2.95
2896.00,3026.00,-3.42,-0.09,-2.99
134.00,2681.00,-2.98,-0.09,-3.43
308.00,1307.00,-4.25,-0.09,-2.68
2124.00,5234.00,-3.29,-0.09,-3.09
4742.00,4750.00,-4.27,-0.09,-2.67
1584.00,1755.00,-3.00,-0.09,-3.41
4687.00,4738.00,-4.45,-0.09,-2.65
3758.00,3787.00,-4.39,-0.09,-2.66
1809.00,5020.00,-2.84,-0.09,-3.74
134.00,1542.00,-2.66,-0.09,-4.39
2933.00,3166.00,-3.48,-0.09,-2.97
2933.00,3021.00,-3.48,-0.09,-2.97
2933.00,5545.00,-3.48,-0.09,-2.97
2933.00,4852.00,-3.48,-0.09,-2.97
2933.00,3060.00,-3.48,-0.09,-2.97
2933.00,5460.00,-3.48,-0.09,-2.97
3755.00,3790.00,-3.94,-0.09,-2.77
2876.00,560.00,-3.35,-0.09,-3.06
4457.00,4728.00,-3.48,-0.09,-2.97
4655.00,4653.00,-2.94,-0.09,-3.54
3758.00,3792.00,-4.49,-0.09,-2.65
12.00,2260.00,-3.49,-0.09,-2.97
3758.00,3785.00,-4.37,-0.09,-2.67
1564.00,4530.00,-2.85,-0.09,-3.75
2933.00,2089.00,-2.70,-0.08,-4.26
3756.00,3790.00,-3.88,-0.08,-2.80
2265.00,1206.00,-2.71,-0.08,-4.22
4558.00,5160.00,-3.81,-0.08,-2.83
4558.00,5159.00,-3.81,-0.08,-2.83
2876.00,529.00,-3.22,-0.08,-3.19
1351.00,5484.00,-3.99,-0.08,-2.77
1385.00,5479.00,-3.08,-0.08,-3.36
1351.00,5653.00,-2.99,-0.08,-3.49
3987.00,4278.00,-2.98,-0.08,-3.51
134.00,4274.00,-3.59,-0.08,-2.94
3706.00,1382.00,-2.59,-0.08,-5.25
1385.00,2702.00,-2.96,-0.08,-3.54
2044.00,5483.00,-3.98,-0.08,-2.78
2933.00,5065.00,-3.48,-0.08,-3.00
3758.00,3791.00,-4.38,-0.08,-2.69
1385.00,2701.00,-2.93,-0.08,-3.61
480.00,4491.00,-3.76,-0.08,-2.86
5362.00,5470.00,-3.15,-0.08,-3.28
2876.00,205.00,-3.13,-0.08,-3.31
1385.00,2573.00,-2.98,-0.08,-3.53
2876.00,165.00,-3.26,-0.08,-3.18
3758.00,3793.00,-4.45,-0.08,-2.69
2066.00,2601.00,-2.80,-0.08,-3.98
480.00,3340.00,-3.28,-0.08,-3.17
1809.00,3472.00,-3.64,-0.08,-2.93
536.00,3743.00,-2.99,-0.08,-3.53
134.00,3024.00,-3.27,-0.08,-3.18
5362.00,5488.00,-4.01,-0.08,-2.79
3721.00,5718.00,-3.20,-0.08,-3.26
1809.00,4813.00,-2.84,-0.08,-3.87
3759.00,3794.00,-4.51,-0.08,-2.68
3743.00,3790.00,-4.13,-0.08,-2.76
2933.00,5871.00,-3.55,-0.08,-2.99
2933.00,5874.00,-3.55,-0.08,-2.99
2876.00,576.00,-3.47,-0.08,-3.04
2876.00,629.00,-3.03,-0.08,-3.49
3756.00,3788.00,-4.31,-0.08,-2.73
1898.00,1955.00,-3.30,-0.08,-3.18
269.00,3755.00,-3.04,-0.08,-3.49
3365.00,3377.00,-3.37,-0.08,-3.12
3718.00,4830.00,-3.75,-0.08,-2.90
3718.00,4409.00,-3.75,-0.08,-2.90
4171.00,5634.00,-2.67,-0.08,-4.71
3759.00,3787.00,-4.43,-0.08,-2.71
3743.00,3788.00,-4.56,-0.08,-2.69
4856.00,4999.00,-4.17,-0.08,-2.77
4558.00,5484.00,-3.51,-0.08,-3.04
3718.00,4500.00,-3.76,-0.08,-2.91
2876.00,1344.00,-3.61,-0.08,-2.98
2265.00,3796.00,-2.74,-0.08,-4.35
2124.00,704.00,-2.64,-0.08,-5.06
3759.00,3792.00,-4.53,-0.08,-2.71
3759.00,3785.00,-4.41,-0.08,-2.73
3755.00,3794.00,-4.54,-0.08,-2.71
308.00,1144.00,-3.88,-0.08,-2.87
2066.00,2600.00,-2.89,-0.08,-3.83
1385.00,2737.00,-3.15,-0.08,-3.39
360.00,3024.00,-3.20,-0.08,-3.32
3444.00,2.00,-3.50,-0.08,-3.07
2634.00,2659.00,-3.15,-0.08,-3.40
4634.00,4644.00,-2.82,-0.08,-4.09
3759.00,3791.00,-4.42,-0.08,-2.74
3755.00,3787.00,-4.46,-0.08,-2.74
2876.00,930.00,-3.68,-0.08,-2.98
2387.00,3472.00,-3.77,-0.08,-2.94
3758.00,3789.00,-4.29,-0.08,-2.78
360.00,2.00,-2.95,-0.08,-3.76
3759.00,3793.00,-4.48,-0.08,-2.74
1395.00,1330.00,-3.13,-0.08,-3.44
3451.00,5192.00,-3.03,-0.08,-3.59
2387.00,3272.00,-2.74,-0.08,-4.49
3755.00,3792.00,-4.56,-0.08,-2.73
2172.00,2275.00,-3.53,-0.08,-3.08
3755.00,3785.00,-4.44,-0.08,-2.76
3451.00,5199.00,-3.22,-0.08,-3.34
2876.00,461.00,-3.33,-0.08,-3.23
3987.00,61.00,-2.76,-0.08,-4.44
4531.00,5874.00,-3.57,-0.08,-3.06
4531.00,5871.00,-3.57,-0.08,-3.06
5362.00,5202.00,-3.23,-0.08,-3.34
1809.00,5711.00,-2.90,-0.08,-3.91
2265.00,3556.00,-3.04,-0.08,-3.61
2265.00,3557.00,-3.04,-0.08,-3.61
2265.00,3554.00,-3.04,-0.08,-3.61
3856.00,4665.00,-4.12,-0.08,-2.84
1809.00,5634.00,-2.76,-0.08,-4.49
3803.00,5395.00,-3.61,-0.08,-3.05
4660.00,4728.00,-4.84,-0.08,-2.71
3987.00,5728.00,-2.93,-0.08,-3.85
3743.00,3787.00,-4.65,-0.08,-2.73
3987.00,5470.00,-3.00,-0.08,-3.70
3721.00,5653.00,-3.11,-0.08,-3.51
2876.00,218.00,-3.18,-0.08,-3.41
2066.00,2631.00,-2.84,-0.08,-4.15
203.00,2497.00,-3.68,-0.08,-3.02
1385.00,2656.00,-3.00,-0.08,-3.72
1395.00,2095.00,-3.14,-0.08,-3.47
3755.00,3791.00,-4.45,-0.08,-2.77
4672.00,4750.00,-4.37,-0.08,-2.79
3756.00,3785.00,-4.38,-0.08,-2.79
904.00,2275.00,-3.73,-0.08,-2.99
1317.00,5552.00,-3.14,-0.08,-3.48
1809.00,2567.00,-2.95,-0.08,-3.82
904.00,1752.00,-3.13,-0.08,-3.50
1017.00,5575.00,-3.34,-0.08,-3.26
2066.00,2423.00,-2.80,-0.08,-4.31
3743.00,3785.00,-4.63,-0.08,-2.75
2124.00,5215.00,-2.79,-0.08,-4.40
904.00,5212.00,-3.26,-0.08,-3.35
2193.00,1382.00,-2.70,-0.08,-5.06
3755.00,3793.00,-4.51,-0.08,-2.77
2066.00,2627.00,-2.83,-0.08,-4.23
1564.00,4660.00,-2.81,-0.08,-4.33
2876.00,852.00,-3.44,-0.08,-3.18
731.00,905.00,-3.90,-0.08,-2.94
1809.00,2547.00,-2.90,-0.08,-4.01
134.00,2656.00,-3.14,-0.08,-3.51
3451.00,4534.00,-3.64,-0.08,-3.06
2876.00,79.00,-3.34,-0.08,-3.29
4675.00,4738.00,-4.45,-0.08,-2.80
2265.00,3257.00,-3.23,-0.08,-3.40
3827.00,2497.00,-2.94,-0.08,-3.91
3743.00,3791.00,-4.64,-0.08,-2.76
1809.00,2669.00,-2.99,-0.08,-3.79
2265.00,3564.00,-2.98,-0.08,-3.82
2876.00,377.00,-3.42,-0.08,-3.23
411.00,471.00,-3.62,-0.08,-3.09
3756.00,3793.00,-4.46,-0.08,-2.80
2265.00,3562.00,-2.98,-0.08,-3.82
4171.00,203.00,-2.76,-0.08,-4.69
2265.00,3563.00,-2.99,-0.08,-3.83
2876.00,1195.00,-3.77,-0.07,-3.01
2265.00,3565.00,-2.99,-0.07,-3.82
3451.00,5196.00,-3.15,-0.07,-3.54
3759.00,3789.00,-4.33,-0.07,-2.83
904.00,4665.00,-2.85,-0.07,-4.27
2265.00,3569.00,-2.99,-0.07,-3.84
2265.00,3568.00,-2.99,-0.07,-3.84
1809.00,5036.00,-3.69,-0.07,-3.06
1385.00,2675.00,-3.11,-0.07,-3.61
904.00,4530.00,-3.02,-0.07,-3.81
2876.00,1772.00,-3.53,-0.07,-3.18
2876.00,632.00,-3.47,-0.07,-3.23
2876.00,597.00,-3.75,-0.07,-3.05
2933.00,4700.00,-2.85,-0.07,-4.37
2933.00,5775.00,-3.67,-0.07,-3.10
2961.00,2497.00,-4.40,-0.07,-2.84
1809.00,4037.00,-2.78,-0.07,-4.76
3856.00,4671.00,-4.12,-0.07,-2.92
3755.00,3789.00,-4.36,-0.07,-2.86
2876.00,861.00,-3.29,-0.07,-3.42
2933.00,4685.00,-2.87,-0.07,-4.33
1688.00,3743.00,-3.23,-0.07,-3.50
2295.00,3196.00,-2.91,-0.07,-4.18
1809.00,2628.00,-3.07,-0.07,-3.78
3756.00,3789.00,-4.30,-0.07,-2.89
2069.00,3743.00,-3.39,-0.07,-3.34
1809.00,2703.00,-3.16,-0.07,-3.64
1669.00,2016.00,-3.02,-0.07,-3.91
1809.00,2671.00,-3.12,-0.07,-3.71
134.00,2682.00,-3.29,-0.07,-3.46
480.00,4543.00,-3.99,-0.07,-3.00
3743.00,3789.00,-4.55,-0.07,-2.85
134.00,2089.00,-2.98,-0.07,-4.07
2933.00,3370.00,-3.60,-0.07,-3.20
2295.00,2683.00,-3.07,-0.07,-3.83
1385.00,2705.00,-3.73,-0.07,-3.12
1385.00,2707.00,-3.73,-0.07,-3.12
1385.00,2708.00,-3.73,-0.07,-3.12
2876.00,756.00,-3.60,-0.07,-3.21
1362.00,3272.00,-2.95,-0.07,-4.18
1831.00,2560.00,-3.44,-0.07,-3.34
1809.00,2698.00,-3.19,-0.07,-3.64
2876.00,74.00,-3.86,-0.07,-3.07
2295.00,5026.00,-2.96,-0.07,-4.18
462.00,466.00,-4.63,-0.07,-2.86
2295.00,1542.00,-2.83,-0.07,-4.84
2896.00,3497.00,-4.23,-0.07,-2.95
3718.00,4491.00,-3.85,-0.07,-3.09
2876.00,826.00,-3.56,-0.07,-3.26
1809.00,2880.00,-3.16,-0.07,-3.72
467.00,3743.00,-3.06,-0.07,-3.93
3856.00,4660.00,-4.25,-0.07,-2.96
2044.00,4990.00,-3.09,-0.07,-3.88
2876.00,1367.00,-3.34,-0.07,-3.49
4171.00,5191.00,-3.74,-0.07,-3.16
1564.00,2016.00,-2.94,-0.07,-4.34
1809.00,2548.00,-3.20,-0.07,-3.68
2876.00,1027.00,-3.57,-0.07,-3.28
2124.00,4964.00,-2.81,-0.07,-5.16
63.00,471.00,-3.13,-0.07,-3.81
904.00,1852.00,-3.61,-0.07,-3.26
2876.00,2870.00,-3.91,-0.07,-3.09
1809.00,2756.00,-3.12,-0.07,-3.85
1809.00,5500.00,-3.07,-0.07,-3.98
394.00,4681.00,-3.23,-0.07,-3.66
1017.00,2497.00,-3.00,-0.07,-4.18
1809.00,4834.00,-3.59,-0.07,-3.28
4558.00,61.00,-2.87,-0.07,-4.81
2265.00,3232.00,-2.95,-0.07,-4.36
1351.00,5753.00,-3.99,-0.07,-3.07
134.00,2876.00,-3.25,-0.07,-3.65
1809.00,2700.00,-3.20,-0.07,-3.73
2876.00,442.00,-3.68,-0.07,-3.23
549.00,3743.00,-3.08,-0.07,-3.99
5362.00,5201.00,-3.53,-0.07,-3.35
2157.00,24.00,-2.95,-0.07,-4.42
1809.00,24.00,-2.80,-0.07,-5.61
4457.00,4681.00,-2.99,-0.07,-4.27
34.00,1392.00,-3.57,-0.07,-3.33
1692.00,1330.00,-3.48,-0.07,-3.41
2265.00,3002.00,-3.14,-0.07,-3.88
1884.00,3743.00,-3.33,-0.07,-3.57
2295.00,2681.00,-3.14,-0.07,-3.88
2124.00,5214.00,-2.96,-0.07,-4.43
3987.00,5730.00,-3.12,-0.07,-3.95
4171.00,4074.00,-2.89,-0.07,-4.86
4744.00,4675.00,-3.61,-0.07,-3.32
1809.00,5366.00,-3.16,-0.07,-3.88
4171.00,5343.00,-3.59,-0.07,-3.34
904.00,4660.00,-2.98,-0.07,-4.39
2164.00,2497.00,-3.68,-0.07,-3.27
1362.00,2618.00,-4.17,-0.06,-3.05
2295.00,3340.00,-3.38,-0.06,-3.56
855.00,3743.00,-3.63,-0.06,-3.33
1317.00,4491.00,-4.13,-0.06,-3.08
904.00,4644.00,-3.07,-0.06,-4.16
1809.00,4137.00,-3.83,-0.06,-3.21
4558.00,5470.00,-3.10,-0.06,-4.06
2044.00,5158.00,-4.20,-0.06,-3.06
2044.00,5204.00,-4.20,-0.06,-3.06
3721.00,5753.00,-4.11,-0.06,-3.09
2933.00,4325.00,-3.63,-0.06,-3.36
1385.00,2719.00,-3.33,-0.06,-3.66
1385.00,2720.00,-3.34,-0.06,-3.66
2124.00,4613.00,-2.93,-0.06,-4.84
0.00,671.00,-3.56,-0.06,-3.42
2027.00,3758.00,-3.12,-0.06,-4.09
1809.00,2740.00,-3.28,-0.06,-3.76
2124.00,5020.00,-2.94,-0.06,-4.80
3987.00,5731.00,-3.21,-0.06,-3.88
2876.00,787.00,-3.82,-0.06,-3.25
4171.00,4834.00,-3.50,-0.06,-3.49
4744.00,4677.00,-3.77,-0.06,-3.29
4457.00,4653.00,-2.99,-0.06,-4.64
2876.00,734.00,-3.88,-0.06,-3.23
2027.00,3756.00,-3.14,-0.06,-4.13
2265.00,2786.00,-3.38,-0.06,-3.68
2387.00,5749.00,-3.88,-0.06,-3.26
2295.00,1382.00,-2.88,-0.06,-5.85
2066.00,2567.00,-3.05,-0.06,-4.48
1809.00,2572.00,-3.29,-0.06,-3.85
2327.00,2497.00,-3.66,-0.06,-3.42
2876.00,741.00,-3.60,-0.06,-3.47
1809.00,2584.00,-3.10,-0.06,-4.33
4531.00,3383.00,-3.88,-0.06,-3.29
4924.00,2497.00,-3.66,-0.06,-3.43
904.00,5216.00,-3.97,-0.06,-3.24
4558.00,5202.00,-3.18,-0.06,-4.12
2295.00,4274.00,-3.75,-0.06,-3.38
4558.00,5158.00,-4.11,-0.06,-3.19
4558.00,5204.00,-4.11,-0.06,-3.19
1809.00,2602.00,-3.37,-0.06,-3.78
2066.00,2669.00,-3.09,-0.06,-4.46
2265.00,2513.00,-3.16,-0.06,-4.22
1362.00,203.00,-3.18,-0.06,-4.17
2044.00,5202.00,-3.27,-0.06,-3.98
3718.00,4543.00,-4.08,-0.06,-3.22
4457.00,4732.00,-3.11,-0.06,-4.43
4457.00,4706.00,-3.14,-0.06,-4.31
4171.00,4586.00,-3.65,-0.06,-3.48
2876.00,2920.00,-5.63,-0.06,-2.94
4457.00,4668.00,-3.11,-0.06,-4.42
394.00,4687.00,-3.44,-0.06,-3.71
360.00,2742.00,-3.84,-0.06,-3.36
2027.00,2497.00,-3.28,-0.06,-3.99
1385.00,2721.00,-4.04,-0.06,-3.26
2876.00,1702.00,-5.60,-0.06,-2.95
4171.00,4990.00,-3.19,-0.06,-4.21
4558.00,5128.00,-3.37,-0.06,-3.84
2876.00,197.00,-3.39,-0.06,-3.82
4457.00,4676.00,-3.14,-0.06,-4.39
4171.00,4278.00,-3.27,-0.06,-4.06
4898.00,2497.00,-4.01,-0.06,-3.29
1362.00,4405.00,-3.42,-0.06,-3.80
2933.00,4530.00,-3.23,-0.06,-4.16
4162.00,24.00,-3.23,-0.06,-4.15
4558.00,4747.00,-3.21,-0.06,-4.24
2933.00,4674.00,-3.12,-0.06,-4.55
4384.00,61.00,-3.18,-0.06,-4.36
214.00,3743.00,-3.42,-0.06,-3.83
2066.00,2628.00,-3.16,-0.06,-4.44
1809.00,3196.00,-3.17,-0.06,-4.42
4558.00,4687.00,-3.08,-0.06,-4.79
362.00,3743.00,-3.37,-0.06,-3.93
4839.00,5216.00,-4.39,-0.06,-3.18
4668.00,4745.00,-3.90,-0.06,-3.39
4457.00,4687.00,-3.21,-0.06,-4.32
4558.00,5200.00,-4.37,-0.06,-3.19
2124.00,5311.00,-3.03,-0.06,-5.25
3987.00,5440.00,-3.29,-0.05,-4.13
1564.00,4349.00,-3.24,-0.05,-4.28
269.00,3743.00,-3.52,-0.05,-3.76
424.00,471.00,-3.74,-0.05,-3.54
2066.00,2671.00,-3.21,-0.05,-4.37
1362.00,2699.00,-3.67,-0.05,-3.60
394.00,2479.00,-4.77,-0.05,-3.12
2066.00,2670.00,-3.22,-0.05,-4.36
2876.00,1668.00,-4.64,-0.05,-3.15
360.00,5395.00,-3.85,-0.05,-3.46
1809.00,5026.00,-3.21,-0.05,-4.42
1809.00,2665.00,-3.57,-0.05,-3.72
4171.00,1534.00,-3.39,-0.05,-3.99
2687.00,2878.00,-3.88,-0.05,-3.46
1809.00,4681.00,-3.14,-0.05,-4.71
4171.00,5728.00,-3.22,-0.05,-4.40
2876.00,996.00,-5.35,-0.05,-3.05
2876.00,653.00,-3.75,-0.05,-3.55
1809.00,5470.00,-3.38,-0.05,-4.04
2876.00,2134.00,-3.71,-0.05,-3.61
2295.00,2682.00,-3.46,-0.05,-3.91
2265.00,2814.00,-3.40,-0.05,-4.02
2027.00,3755.00,-3.31,-0.05,-4.21
2657.00,2016.00,-3.32,-0.05,-4.18
2933.00,5685.00,-3.84,-0.05,-3.51
3803.00,2016.00,-3.28,-0.05,-4.29
2265.00,3710.00,-4.01,-0.05,-3.41
1395.00,1955.00,-3.91,-0.05,-3.48
2387.00,5607.00,-3.33,-0.05,-4.21
2265.00,2409.00,-3.48,-0.05,-3.92
394.00,4678.00,-3.54,-0.05,-3.83
1814.00,4681.00,-3.16,-0.05,-4.85
2265.00,3555.00,-4.10,-0.05,-3.40
2066.00,2548.00,-3.29,-0.05,-4.35
2044.00,5478.00,-3.27,-0.05,-4.45
3987.00,5742.00,-4.15,-0.05,-3.38
2265.00,3108.00,-4.11,-0.05,-3.40
2265.00,3431.00,-4.11,-0.05,-3.40
1000.00,3743.00,-4.11,-0.05,-3.41
1809.00,5194.00,-3.40,-0.05,-4.13
1809.00,4653.00,-3.14,-0.05,-5.08
2876.00,373.00,-3.89,-0.05,-3.55
2124.00,4966.00,-3.13,-0.05,-5.18
394.00,4672.00,-3.52,-0.05,-3.93
4171.00,4707.00,-3.23,-0.05,-4.64
3112.00,3743.00,-3.61,-0.05,-3.82
2646.00,3759.00,-3.45,-0.05,-4.06
2295.00,3435.00,-3.50,-0.05,-3.98
4457.00,4742.00,-3.28,-0.05,-4.48
2066.00,3788.00,-3.27,-0.05,-4.54
2295.00,1791.00,-3.48,-0.05,-4.03
4457.00,4678.00,-3.30,-0.05,-4.44
1362.00,4274.00,-4.36,-0.05,-3.33
2265.00,3618.00,-4.13,-0.05,-3.43
2876.00,781.00,-4.13,-0.05,-3.43
4531.00,4555.00,-4.09,-0.05,-3.46
2876.00,501.00,-3.98,-0.05,-3.52
394.00,4685.00,-3.66,-0.05,-3.79
4457.00,4672.00,-3.28,-0.05,-4.54
1809.00,4707.00,-3.32,-0.05,-4.42
4531.00,5188.00,-4.21,-0.05,-3.42
1809.00,5479.00,-3.64,-0.05,-3.84
2646.00,3755.00,-3.49,-0.05,-4.06
3788.00,4681.00,-4.02,-0.05,-3.52
1315.00,3756.00,-3.33,-0.05,-4.46
2876.00,19.00,-4.53,-0.05,-3.32
3464.00,4349.00,-3.53,-0.05,-4.04
1351.00,61.00,-3.32,-0.05,-4.52
2066.00,3789.00,-3.27,-0.05,-4.71
4558.00,5201.00,-3.48,-0.05,-4.13
480.00,2969.00,-4.20,-0.05,-3.45
394.00,4682.00,-3.60,-0.05,-3.95
2044.00,5201.00,-3.57,-0.05,-3.99
5362.00,5197.00,-3.87,-0.05,-3.66
1809.00,4732.00,-3.26,-0.05,-4.87
3987.00,5639.00,-4.21,-0.05,-3.47
3987.00,5637.00,-4.21,-0.05,-3.47
4171.00,5479.00,-3.55,-0.05,-4.05
1947.00,3756.00,-3.74,-0.05,-3.80
1809.00,4668.00,-3.27,-0.05,-4.86
2044.00,5532.00,-4.26,-0.05,-3.45
5362.00,5199.00,-3.87,-0.05,-3.70
2387.00,3340.00,-3.77,-0.05,-3.80
1317.00,3435.00,-3.77,-0.05,-3.80
2066.00,3785.00,-3.34,-0.05,-4.60
2933.00,4667.00,-3.42,-0.05,-4.37
4457.00,4682.00,-3.36,-0.05,-4.56
4457.00,4700.00,-3.40,-0.05,-4.43
394.00,4679.00,-3.68,-0.05,-3.91
2124.00,5366.00,-3.27,-0.05,-4.95
1809.00,4676.00,-3.29,-0.05,-4.84
4457.00,4743.00,-3.31,-0.05,-4.74
2387.00,5128.00,-3.77,-0.05,-3.82
2066.00,3787.00,-3.36,-0.05,-4.58
4457.00,4685.00,-3.42,-0.05,-4.39
2066.00,2572.00,-3.38,-0.05,-4.52
2066.00,3791.00,-3.36,-0.05,-4.61
5362.00,5192.00,-3.68,-0.05,-3.95
1814.00,4732.00,-3.28,-0.05,-5.01
4171.00,5730.00,-3.41,-0.05,-4.50
3785.00,4681.00,-4.11,-0.04,-3.59
1362.00,2701.00,-3.84,-0.04,-3.80
1814.00,4706.00,-3.31,-0.04,-4.89
480.00,2342.00,-3.73,-0.04,-3.93
2124.00,5149.00,-3.87,-0.04,-3.77
308.00,905.00,-4.39,-0.04,-3.47
3788.00,4706.00,-4.17,-0.04,-3.57
2265.00,2896.00,-3.23,-0.04,-5.55
1814.00,4676.00,-3.31,-0.04,-4.97
1809.00,2656.00,-3.57,-0.04,-4.20
3787.00,4681.00,-4.16,-0.04,-3.59
2265.00,3192.00,-3.68,-0.04,-4.02
2876.00,578.00,-3.98,-0.04,-3.71
3794.00,4706.00,-4.32,-0.04,-3.51
1809.00,2630.00,-4.27,-0.04,-3.54
2387.00,5065.00,-4.31,-0.04,-3.52
5362.00,5196.00,-3.79,-0.04,-3.89
831.00,905.00,-4.47,-0.04,-3.46
4856.00,4869.00,-4.45,-0.04,-3.47
2066.00,3793.00,-3.42,-0.04,-4.61
1809.00,2777.00,-3.65,-0.04,-4.10
2396.00,3743.00,-3.58,-0.04,-4.23
2066.00,3794.00,-3.45,-0.04,-4.55
3721.00,61.00,-3.45,-0.04,-4.54
3718.00,4501.00,-4.52,-0.04,-3.46
3788.00,4687.00,-4.24,-0.04,-3.58
1315.00,3759.00,-3.45,-0.04,-4.55
1809.00,3465.00,-4.17,-0.04,-3.62
308.00,1955.00,-4.29,-0.04,-3.56
1809.00,1916.00,-3.56,-0.04,-4.31
3794.00,4687.00,-4.38,-0.04,-3.53
3786.00,4681.00,-4.00,-0.04,-3.75
1809.00,2089.00,-3.41,-0.04,-4.76
2066.00,3792.00,-3.46,-0.04,-4.57
2387.00,2.00,-3.57,-0.04,-4.31
4457.00,4675.00,-3.44,-0.04,-4.66
3788.00,4676.00,-4.17,-0.04,-3.65
2124.00,61.00,-3.26,-0.04,-5.85
3788.00,4668.00,-4.14,-0.04,-3.67
3792.00,4687.00,-4.39,-0.04,-3.54
3718.00,4555.00,-4.52,-0.04,-3.50
3160.00,3743.00,-3.80,-0.04,-3.98
2265.00,3561.00,-3.67,-0.04,-4.17
3788.00,4732.00,-4.14,-0.04,-3.69
1315.00,3755.00,-3.50,-0.04,-4.54
3793.00,4706.00,-4.30,-0.04,-3.60
4457.00,4680.00,-3.50,-0.04,-4.55
1947.00,3755.00,-3.91,-0.04,-3.89
3785.00,4706.00,-4.27,-0.04,-3.63
1809.00,4745.00,-3.51,-0.04,-4.55
3794.00,4732.00,-4.28,-0.04,-3.63
4074.00,3743.00,-4.31,-0.04,-3.62
3450.00,5035.00,-4.08,-0.04,-3.77
3792.00,4668.00,-4.30,-0.04,-3.64
2124.00,5026.00,-3.33,-0.04,-5.49
2124.00,4990.00,-3.40,-0.04,-5.06
3793.00,4687.00,-4.36,-0.04,-3.61
1385.00,2016.00,-3.47,-0.04,-4.78
3451.00,4869.00,-4.20,-0.04,-3.70
2265.00,2515.00,-3.58,-0.04,-4.45
3718.00,4530.00,-3.67,-0.04,-4.27
3785.00,4687.00,-4.33,-0.04,-3.65
1017.00,3743.00,-3.51,-0.04,-4.68
2124.00,1382.00,-3.26,-0.04,-7.17
1809.00,4678.00,-3.46,-0.04,-4.89
3789.00,4681.00,-4.11,-0.04,-3.78
1809.00,4672.00,-3.44,-0.04,-4.99
4162.00,4250.00,-4.94,-0.04,-3.45
4457.00,4666.00,-3.51,-0.04,-4.72
3793.00,4676.00,-4.30,-0.04,-3.68
2876.00,922.00,-3.75,-0.04,-4.19
3794.00,4530.00,-4.98,-0.04,-3.45
3787.00,4687.00,-4.38,-0.04,-3.65
3788.00,4653.00,-4.01,-0.04,-3.89
3793.00,4668.00,-4.27,-0.04,-3.71
3785.00,4676.00,-4.26,-0.04,-3.72
3793.00,4732.00,-4.26,-0.04,-3.72
3791.00,4706.00,-4.33,-0.04,-3.69
3788.00,4530.00,-4.84,-0.04,-3.50
2124.00,5343.00,-3.79,-0.04,-4.18
3792.00,4530.00,-5.00,-0.04,-3.47
3785.00,4732.00,-4.23,-0.04,-3.76
3790.00,4681.00,-3.97,-0.04,-3.96
394.00,4674.00,-3.92,-0.04,-4.01
2261.00,3743.00,-3.76,-0.04,-4.24
1814.00,4742.00,-3.46,-0.04,-5.07
3788.00,4678.00,-4.34,-0.04,-3.70
3787.00,4676.00,-4.31,-0.04,-3.72
1814.00,4672.00,-3.45,-0.04,-5.13
1814.00,4678.00,-3.48,-0.04,-5.02
134.00,2016.00,-3.61,-0.04,-4.57
3788.00,4685.00,-4.46,-0.04,-3.66
3787.00,4732.00,-4.27,-0.04,-3.76
3794.00,4653.00,-4.15,-0.04,-3.84
904.00,1755.00,-4.15,-0.04,-3.85
4457.00,4677.00,-3.60,-0.04,-4.63
3794.00,4685.00,-4.61,-0.04,-3.61
3718.00,4534.00,-4.26,-0.04,-3.78
2295.00,4530.00,-3.68,-0.04,-4.43
4171.00,5440.00,-3.58,-0.04,-4.69
1801.00,3743.00,-3.73,-0.04,-4.34
3788.00,4742.00,-4.32,-0.04,-3.74
12.00,2497.00,-3.71,-0.04,-4.38
1809.00,5304.00,-4.50,-0.04,-3.66
1809.00,5148.00,-4.50,-0.04,-3.66
3786.00,4687.00,-4.22,-0.04,-3.80
3792.00,4678.00,-4.49,-0.04,-3.67
1809.00,4743.00,-3.47,-0.04,-5.19
3792.00,4653.00,-4.17,-0.04,-3.85
2124.00,5159.00,-4.18,-0.04,-3.85
2124.00,5160.00,-4.18,-0.04,-3.85
134.00,3313.00,-3.79,-0.04,-4.27
1809.00,4682.00,-3.51,-0.04,-5.00
3786.00,4668.00,-4.12,-0.04,-3.90
3791.00,4676.00,-4.33,-0.04,-3.77
3786.00,4732.00,-4.12,-0.04,-3.91
1809.00,4700.00,-3.56,-0.04,-4.88
3791.00,4668.00,-4.30,-0.04,-3.79
3793.00,4530.00,-4.97,-0.04,-3.54
394.00,4667.00,-4.23,-0.04,-3.84
4457.00,4665.00,-3.62,-0.04,-4.68
2251.00,2016.00,-3.66,-0.04,-4.57
3792.00,4700.00,-4.59,-0.04,-3.66
1809.00,4685.00,-3.58,-0.04,-4.84
2124.00,4706.00,-3.42,-0.04,-5.83
3788.00,4672.00,-4.31,-0.04,-3.80
3793.00,4653.00,-4.14,-0.04,-3.93
2124.00,4676.00,-3.41,-0.04,-5.91
3785.00,4653.00,-4.10,-0.04,-3.96
1814.00,4743.00,-3.49,-0.04,-5.33
3793.00,4678.00,-4.46,-0.04,-3.74
2124.00,5194.00,-3.51,-0.04,-5.21
3794.00,4672.00,-4.46,-0.04,-3.75
2044.00,5212.00,-3.99,-0.04,-4.09
2265.00,2542.00,-3.77,-0.04,-4.42
2265.00,2521.00,-3.77,-0.04,-4.42
2265.00,2541.00,-3.77,-0.04,-4.42
1809.00,4683.00,-3.57,-0.04,-4.96
1814.00,4682.00,-3.53,-0.04,-5.14
3793.00,4685.00,-4.59,-0.04,-3.69
3017.00,3743.00,-3.69,-0.04,-4.60
4558.00,5192.00,-3.64,-0.04,-4.74
3785.00,4678.00,-4.43,-0.04,-3.77
2876.00,893.00,-4.00,-0.04,-4.11
3787.00,4653.00,-4.15,-0.04,-3.96
3721.00,1382.00,-3.45,-0.04,-5.85
3786.00,4653.00,-3.99,-0.04,-4.12
1814.00,4700.00,-3.58,-0.04,-5.01
3789.00,4687.00,-4.34,-0.04,-3.84
3793.00,4742.00,-4.44,-0.04,-3.78
3790.00,4706.00,-4.12,-0.04,-4.00
3793.00,4700.00,-4.57,-0.04,-3.73
3787.00,4678.00,-4.48,-0.03,-3.77
2124.00,4586.00,-3.85,-0.03,-4.33
3788.00,4682.00,-4.39,-0.03,-3.82
1814.00,4685.00,-3.60,-0.03,-4.98
1809.00,4679.00,-3.60,-0.03,-4.96
3785.00,4742.00,-4.41,-0.03,-3.81
3987.00,5729.00,-4.28,-0.03,-3.90
3794.00,4683.00,-4.60,-0.03,-3.73
3788.00,4679.00,-4.48,-0.03,-3.78
2044.00,5192.00,-3.73,-0.03,-4.60
3787.00,4685.00,-4.60,-0.03,-3.73
3789.00,4676.00,-4.27,-0.03,-3.91
3785.00,4700.00,-4.53,-0.03,-3.76
3987.00,5345.00,-4.55,-0.03,-3.76
3794.00,4682.00,-4.54,-0.03,-3.77
3794.00,4679.00,-4.63,-0.03,-3.73
3789.00,4732.00,-4.23,-0.03,-3.95
2124.00,4687.00,-3.48,-0.03,-5.84
2027.00,3743.00,-3.80,-0.03,-4.49
1814.00,4683.00,-3.59,-0.03,-5.10
2044.00,4671.00,-3.59,-0.03,-5.10
3792.00,4683.00,-4.61,-0.03,-3.74
3791.00,4530.00,-5.00,-0.03,-3.62
2124.00,5483.00,-4.26,-0.03,-3.94
2295.00,4534.00,-4.26,-0.03,-3.94
3787.00,4700.00,-4.58,-0.03,-3.76
1809.00,4675.00,-3.60,-0.03,-5.10
3793.00,4672.00,-4.44,-0.03,-3.84
5507.00,2497.00,-4.04,-0.03,-4.15
2044.00,5197.00,-3.92,-0.03,-4.31
3792.00,4682.00,-4.55,-0.03,-3.78
3792.00,4679.00,-4.64,-0.03,-3.75
2066.00,2656.00,-3.66,-0.03,-4.87
3790.00,4687.00,-4.19,-0.03,-4.02
3987.00,5732.00,-4.27,-0.03,-3.96
4558.00,5199.00,-3.82,-0.03,-4.49
2044.00,4674.00,-3.65,-0.03,-4.95
3785.00,4672.00,-4.41,-0.03,-3.87
3790.00,4668.00,-4.09,-0.03,-4.11
3987.00,2016.00,-3.66,-0.03,-4.93
3790.00,4732.00,-4.09,-0.03,-4.13
2044.00,5199.00,-3.91,-0.03,-4.35
1814.00,4679.00,-3.62,-0.03,-5.10
3788.00,4680.00,-4.54,-0.03,-3.81
1809.00,4680.00,-3.65,-0.03,-5.00
3794.00,4680.00,-4.68,-0.03,-3.76
3787.00,4672.00,-4.45,-0.03,-3.87
3786.00,4742.00,-4.30,-0.03,-3.97
3791.00,4742.00,-4.47,-0.03,-3.86
3786.00,4685.00,-4.44,-0.03,-3.89
3791.00,4700.00,-4.59,-0.03,-3.81
3790.00,4653.00,-3.96,-0.03,-4.33
3786.00,4530.00,-4.82,-0.03,-3.73
3789.00,4653.00,-4.11,-0.03,-4.15
3792.00,4680.00,-4.69,-0.03,-3.78
3793.00,4679.00,-4.61,-0.03,-3.82
3794.00,4746.00,-5.20,-0.03,-3.63
3785.00,4683.00,-4.55,-0.03,-3.85
3786.00,4700.00,-4.42,-0.03,-3.92
3785.00,4682.00,-4.49,-0.03,-3.89
2387.00,2689.00,-4.37,-0.03,-3.96
2124.00,5478.00,-3.58,-0.03,-5.64
3788.00,4746.00,-5.06,-0.03,-3.68
4457.00,4660.00,-3.76,-0.03,-4.81
3787.00,4683.00,-4.59,-0.03,-3.85
3792.00,4746.00,-5.21,-0.03,-3.65
2186.00,3743.00,-4.07,-0.03,-4.24
3788.00,4743.00,-4.35,-0.03,-4.00
3791.00,4672.00,-4.47,-0.03,-3.92
1814.00,4680.00,-3.67,-0.03,-5.13
3787.00,4682.00,-4.53,-0.03,-3.89
2066.00,2639.00,-4.31,-0.03,-4.03
3787.00,4679.00,-4.62,-0.03,-3.85
3451.00,2497.00,-4.02,-0.03,-4.34
134.00,4349.00,-3.92,-0.03,-4.51
3788.00,4667.00,-5.03,-0.03,-3.71
2124.00,4742.00,-3.56,-0.03,-6.01
3789.00,4678.00,-4.43,-0.03,-3.97
2124.00,4672.00,-3.56,-0.03,-6.07
3794.00,4675.00,-4.62,-0.03,-3.87
3792.00,4667.00,-5.19,-0.03,-3.68
3793.00,4680.00,-4.66,-0.03,-3.85
1351.00,1752.00,-4.25,-0.03,-4.11
3794.00,4743.00,-4.49,-0.03,-3.95
2124.00,4678.00,-3.58,-0.03,-5.96
3789.00,4530.00,-4.94,-0.03,-3.76
4457.00,4667.00,-3.99,-0.03,-4.44
4558.00,5188.00,-4.63,-0.03,-3.89
4457.00,4746.00,-4.01,-0.03,-4.41
3792.00,4675.00,-4.63,-0.03,-3.88
3789.00,4685.00,-4.56,-0.03,-3.92
3789.00,4742.00,-4.42,-0.03,-4.01
3791.00,4683.00,-4.61,-0.03,-3.90
2066.00,2622.00,-4.31,-0.03,-4.09
3792.00,4743.00,-4.50,-0.03,-3.96
3786.00,4682.00,-4.38,-0.03,-4.05
2124.00,4745.00,-3.63,-0.03,-5.63
3788.00,4677.00,-4.64,-0.03,-3.89
3786.00,4683.00,-4.44,-0.03,-4.01
3791.00,4682.00,-4.55,-0.03,-3.94
3794.00,4677.00,-4.78,-0.03,-3.84
3793.00,4746.00,-5.18,-0.03,-3.72
2350.00,3758.00,-4.47,-0.03,-4.00
1809.00,4677.00,-3.75,-0.03,-5.08
3786.00,4679.00,-4.47,-0.03,-4.01
3790.00,4678.00,-4.29,-0.03,-4.14
2066.00,2366.00,-4.20,-0.03,-4.23
2066.00,2531.00,-4.30,-0.03,-4.14
3788.00,4674.00,-4.73,-0.03,-3.88
3788.00,4666.00,-4.54,-0.03,-3.98
3792.00,4677.00,-4.79,-0.03,-3.86
3789.00,4672.00,-4.41,-0.03,-4.06
2295.00,2016.00,-3.79,-0.03,-5.03
3793.00,4667.00,-5.16,-0.03,-3.75
3785.00,4746.00,-5.15,-0.03,-3.76
2657.00,3758.00,-4.03,-0.03,-4.47
3793.00,4675.00,-4.60,-0.03,-3.95
3793.00,4743.00,-4.47,-0.03,-4.03
3787.00,4746.00,-5.20,-0.03,-3.76
3785.00,4743.00,-4.44,-0.03,-4.07
3785.00,4675.00,-4.57,-0.03,-3.99
3792.00,4674.00,-4.88,-0.03,-3.85
3788.00,4665.00,-4.66,-0.03,-3.95
1809.00,4665.00,-3.78,-0.03,-5.13
2876.00,633.00,-4.03,-0.03,-4.50
3790.00,4685.00,-4.41,-0.03,-4.10
3791.00,4680.00,-4.69,-0.03,-3.93
1333.00,3759.00,-3.84,-0.03,-4.94
2124.00,4682.00,-3.64,-0.03,-6.08
3794.00,4665.00,-4.80,-0.03,-3.89
4171.00,5395.00,-4.26,-0.03,-4.23
3792.00,4666.00,-4.70,-0.03,-3.94
2124.00,5373.00,-4.34,-0.03,-4.17
2124.00,5379.00,-4.34,-0.03,-4.17
2124.00,5377.00,-4.34,-0.03,-4.17
3790.00,4672.00,-4.26,-0.03,-4.24
1814.00,4677.00,-3.77,-0.03,-5.22
3787.00,4743.00,-4.49,-0.03,-4.07
3792.00,4665.00,-4.81,-0.03,-3.91
1809.00,4671.00,-3.79,-0.03,-5.21
3789.00,4683.00,-4.55,-0.03,-4.04
3789.00,4682.00,-4.49,-0.03,-4.08
3790.00,4530.00,-4.79,-0.03,-3.94
2265.00,2880.00,-4.09,-0.03,-4.51
3785.00,4677.00,-4.73,-0.03,-3.97
2124.00,4700.00,-3.68,-0.03,-5.95
308.00,1392.00,-4.98,-0.03,-3.87
3786.00,4743.00,-4.33,-0.03,-4.23
3789.00,4679.00,-4.58,-0.03,-4.04
1809.00,4674.00,-3.84,-0.03,-5.06
2066.00,2630.00,-4.37,-0.03,-4.20
3791.00,4746.00,-5.21,-0.03,-3.81
1947.00,3743.00,-4.41,-0.03,-4.17
3793.00,4674.00,-4.85,-0.03,-3.92
1814.00,4665.00,-3.80,-0.03,-5.27
3793.00,4666.00,-4.67,-0.03,-4.01
2124.00,4685.00,-3.70,-0.03,-5.92
3791.00,4743.00,-4.50,-0.03,-4.12
3791.00,4675.00,-4.63,-0.03,-4.04
2124.00,4683.00,-3.70,-0.03,-6.04
3788.00,4671.00,-4.67,-0.03,-4.03
3791.00,4667.00,-5.19,-0.03,-3.84
3790.00,4682.00,-4.35,-0.03,-4.26
1814.00,4671.00,-3.81,-0.03,-5.35
360.00,5575.00,-4.77,-0.03,-3.99
3790.00,4683.00,-4.41,-0.03,-4.22
3787.00,4674.00,-4.87,-0.03,-3.95
3794.00,4671.00,-4.81,-0.03,-3.98
3789.00,4680.00,-4.63,-0.03,-4.08
3785.00,4665.00,-4.75,-0.03,-4.02
3790.00,4679.00,-4.43,-0.03,-4.22
1315.00,3743.00,-3.99,-0.03,-4.82
3786.00,4746.00,-5.04,-0.03,-3.91
2124.00,4679.00,-3.73,-0.03,-6.04
134.00,1955.00,-4.87,-0.03,-3.97
3792.00,4671.00,-4.82,-0.03,-4.00
2124.00,5201.00,-3.88,-0.03,-5.18
3791.00,4677.00,-4.79,-0.03,-4.02
2124.00,4675.00,-3.72,-0.03,-6.18
3786.00,4677.00,-4.62,-0.03,-4.12
2350.00,3759.00,-4.62,-0.03,-4.14
3789.00,4743.00,-4.44,-0.03,-4.26
3791.00,4674.00,-4.88,-0.03,-4.01
2124.00,5158.00,-4.50,-0.03,-4.23
2124.00,5204.00,-4.50,-0.03,-4.23
3791.00,4666.00,-4.70,-0.03,-4.10
3789.00,4675.00,-4.58,-0.03,-4.18
3790.00,4680.00,-4.49,-0.03,-4.25
2350.00,3755.00,-4.67,-0.03,-4.13
3793.00,4671.00,-4.79,-0.03,-4.07
3790.00,4743.00,-4.30,-0.03,-4.44
2657.00,3759.00,-4.18,-0.03,-4.60
3788.00,4660.00,-4.80,-0.03,-4.07
2265.00,2886.00,-4.78,-0.03,-4.08
2124.00,4680.00,-3.78,-0.03,-6.08
1317.00,2016.00,-4.06,-0.03,-4.85
3785.00,4671.00,-4.76,-0.03,-4.10
3794.00,4660.00,-4.94,-0.03,-4.02
3789.00,4746.00,-5.15,-0.03,-3.95
3786.00,4665.00,-4.64,-0.03,-4.17
2265.00,2543.00,-4.84,-0.03,-4.07
2265.00,2540.00,-4.84,-0.03,-4.07
3787.00,4671.00,-4.81,-0.03,-4.10
3790.00,4675.00,-4.43,-0.03,-4.36
3792.00,4660.00,-4.95,-0.03,-4.04
2657.00,3755.00,-4.23,-0.02,-4.60
2124.00,4666.00,-3.79,-0.02,-6.24
3789.00,4667.00,-5.13,-0.02,-3.98
3789.00,4677.00,-4.73,-0.02,-4.16
480.00,471.00,-4.33,-0.02,-4.50
2193.00,3758.00,-4.32,-0.02,-4.53
1814.00,4660.00,-3.94,-0.02,-5.39
3789.00,4666.00,-4.64,-0.02,-4.24
2124.00,5065.00,-4.30,-0.02,-4.57
3788.00,2016.00,-4.94,-0.02,-4.10
3789.00,4674.00,-4.82,-0.02,-4.15
3794.00,2016.00,-5.08,-0.02,-4.04
3791.00,4671.00,-4.82,-0.02,-4.15
1809.00,5216.00,-4.91,-0.02,-4.11
3793.00,4660.00,-4.93,-0.02,-4.11
3786.00,4671.00,-4.65,-0.02,-4.26
3785.00,4660.00,-4.89,-0.02,-4.14
1809.00,4667.00,-4.14,-0.02,-4.89
3792.00,2016.00,-5.09,-0.02,-4.06
1809.00,2539.00,-4.39,-0.02,-4.51
2834.00,3743.00,-4.24,-0.02,-4.71
3790.00,4677.00,-4.59,-0.02,-4.34
2193.00,3756.00,-4.34,-0.02,-4.58
3790.00,4666.00,-4.49,-0.02,-4.42
2124.00,5200.00,-4.75,-0.02,-4.23
3787.00,4660.00,-4.94,-0.02,-4.14
3790.00,4746.00,-5.00,-0.02,-4.12
2124.00,4677.00,-3.88,-0.02,-6.16
2295.00,2560.00,-4.79,-0.02,-4.24
3790.00,4667.00,-4.98,-0.02,-4.15
3790.00,4674.00,-4.68,-0.02,-4.32
1809.00,2016.00,-4.05,-0.02,-5.28
3790.00,4665.00,-4.61,-0.02,-4.39
3793.00,2016.00,-5.06,-0.02,-4.13
4171.00,4442.00,-4.46,-0.02,-4.53
2124.00,4665.00,-3.90,-0.02,-6.21
2387.00,4403.00,-4.65,-0.02,-4.38
3791.00,4660.00,-4.96,-0.02,-4.19
3789.00,4671.00,-4.77,-0.02,-4.30
1814.00,4667.00,-4.16,-0.02,-5.03
1669.00,3743.00,-4.41,-0.02,-4.61
1809.00,3181.00,-4.14,-0.02,-5.09
1814.00,4746.00,-4.18,-0.02,-5.00
2876.00,627.00,-4.64,-0.02,-4.40
2124.00,4671.00,-3.91,-0.02,-6.30
4171.00,5729.00,-4.58,-0.02,-4.46
3787.00,2016.00,-5.08,-0.02,-4.17
1385.00,3758.00,-4.18,-0.02,-5.07
1351.00,1330.00,-4.71,-0.02,-4.38
3755.00,1382.00,-4.28,-0.02,-4.87
1809.00,3313.00,-4.23,-0.02,-4.98
2387.00,5035.00,-4.97,-0.02,-4.24
3790.00,4671.00,-4.62,-0.02,-4.47
4171.00,5732.00,-4.57,-0.02,-4.52
2124.00,4674.00,-3.97,-0.02,-6.15
2265.00,1542.00,-4.01,-0.02,-5.88
2193.00,3759.00,-4.47,-0.02,-4.67
3791.00,2016.00,-5.09,-0.02,-4.22
2066.00,3377.00,-4.33,-0.02,-4.89
2124.00,5192.00,-4.04,-0.02,-5.79
3789.00,4660.00,-4.90,-0.02,-4.34
2265.00,3340.00,-4.57,-0.02,-4.59
2193.00,3755.00,-4.51,-0.02,-4.66
2387.00,2016.00,-4.18,-0.02,-5.29
2124.00,4530.00,-4.07,-0.02,-5.75
2295.00,5575.00,-5.01,-0.02,-4.31
1809.00,2064.00,-5.17,-0.02,-4.25
2124.00,5708.00,-4.58,-0.02,-4.65
480.00,3758.00,-4.39,-0.02,-4.93
3790.00,4660.00,-4.75,-0.02,-4.51
1362.00,3313.00,-4.57,-0.02,-4.69
2265.00,2713.00,-4.98,-0.02,-4.38
360.00,2497.00,-4.42,-0.02,-4.92
2124.00,4660.00,-4.04,-0.02,-6.34
3789.00,2016.00,-5.03,-0.02,-4.36
2387.00,1330.00,-4.65,-0.02,-4.64
1362.00,2016.00,-4.39,-0.02,-4.98
3743.00,1382.00,-4.47,-0.02,-4.86
2251.00,2497.00,-4.54,-0.02,-4.77
480.00,3756.00,-4.42,-0.02,-4.98
2124.00,5196.00,-4.16,-0.02,-5.74
2124.00,5148.00,-4.61,-0.02,-4.72
2124.00,5304.00,-4.61,-0.02,-4.72
1385.00,3759.00,-4.33,-0.02,-5.21
4171.00,4250.00,-4.38,-0.02,-5.10
2124.00,5197.00,-4.23,-0.02,-5.51
1751.00,3743.00,-5.08,-0.02,-4.39
2124.00,5212.00,-4.31,-0.02,-5.28
2124.00,5199.00,-4.23,-0.02,-5.54
2265.00,2538.00,-4.73,-0.02,-4.64
2124.00,4644.00,-4.13,-0.02,-6.10
2066.00,2016.00,-4.16,-0.02,-5.96
1362.00,4250.00,-4.82,-0.02,-4.59
3790.00,2016.00,-4.89,-0.02,-4.54
5362.00,2497.00,-4.69,-0.02,-4.71
2295.00,4869.00,-4.84,-0.02,-4.60
1333.00,3743.00,-4.38,-0.02,-5.22
2265.00,3058.00,-5.64,-0.02,-4.25
2350.00,3743.00,-5.17,-0.02,-4.42
2387.00,3332.00,-5.25,-0.02,-4.43
2265.00,2470.00,-4.72,-0.02,-4.82
480.00,3759.00,-4.54,-0.02,-5.07
2265.00,2089.00,-4.34,-0.02,-5.56
2066.00,2539.00,-4.49,-0.02,-5.19
2124.00,4667.00,-4.27,-0.02,-5.97
480.00,3755.00,-4.59,-0.02,-5.06
2657.00,3743.00,-4.73,-0.02,-4.89
2124.00,4746.00,-4.29,-0.02,-5.94
2876.00,134.00,-4.70,-0.02,-4.97
3803.00,3743.00,-4.69,-0.02,-5.00
2896.00,3743.00,-4.82,-0.02,-4.89
2066.00,3018.00,-5.15,-0.01,-4.70
2387.00,5575.00,-5.41,-0.01,-4.57
2265.00,3026.00,-4.97,-0.01,-4.87
2066.00,2095.00,-4.64,-0.01,-5.33
2044.00,3758.00,-4.58,-0.01,-5.46
2124.00,5114.00,-4.85,-0.01,-5.06
1317.00,3758.00,-4.78,-0.01,-5.16
2044.00,3756.00,-4.60,-0.01,-5.51
3785.00,3756.00,-5.78,-0.01,-4.52
2124.00,5188.00,-5.03,-0.01,-4.94
1317.00,3756.00,-4.80,-0.01,-5.20
2193.00,3743.00,-5.02,-0.01,-4.95
2044.00,2497.00,-4.74,-0.01,-5.37
4171.00,4869.00,-5.02,-0.01,-5.06
3786.00,3756.00,-5.67,-0.01,-4.68
3785.00,3755.00,-5.95,-0.01,-4.61
2044.00,3759.00,-4.73,-0.01,-5.60
1317.00,3759.00,-4.93,-0.01,-5.29
2265.00,3377.00,-5.18,-0.01,-5.03
2044.00,3755.00,-4.77,-0.01,-5.59
2124.00,5216.00,-5.03,-0.01,-5.19
1317.00,3755.00,-4.97,-0.01,-5.29
2124.00,5345.00,-5.06,-0.01,-5.18
3786.00,3755.00,-5.84,-0.01,-4.77
2251.00,3743.00,-5.08,-0.01,-5.29
1362.00,3758.00,-5.12,-0.01,-5.29
2265.00,2342.00,-5.04,-0.01,-5.38
2265.00,3497.00,-5.80,-0.01,-4.85
2387.00,3756.00,-4.93,-0.01,-5.64
1362.00,3756.00,-5.14,-0.01,-5.33
2387.00,2497.00,-5.07,-0.01,-5.50
3987.00,3743.00,-5.08,-0.01,-5.65
3788.00,3743.00,-6.36,-0.01,-4.83
2387.00,3759.00,-5.05,-0.01,-5.73
1362.00,3759.00,-5.27,-0.01,-5.43
2066.00,3758.00,-4.88,-0.01,-6.26
2387.00,3755.00,-5.10,-0.01,-5.73
1362.00,3755.00,-5.32,-0.01,-5.42
3785.00,3743.00,-6.46,-0.01,-4.90
2265.00,2016.00,-5.00,-0.01,-6.09
2265.00,3313.00,-5.18,-0.01,-5.80
2295.00,3743.00,-5.21,-0.01,-5.76
2066.00,3759.00,-5.03,-0.01,-6.40
3786.00,3743.00,-6.35,-0.01,-5.06
1317.00,3743.00,-5.48,-0.01,-5.58
2066.00,3755.00,-5.08,-0.01,-6.40
2124.00,2497.00,-5.07,-0.01,-6.57
1809.00,3743.00,-5.48,-0.01,-6.01
1362.00,3743.00,-5.82,-0.01,-5.72
1814.00,3743.00,-5.50,-0.01,-6.15
3721.00,3743.00,-5.80,-0.01,-5.78
2387.00,3743.00,-5.61,-0.01,-6.02
2265.00,2497.00,-5.89,-0.00,-6.31
